tiktoker_name,tiktok_name,subscribers_count,views_avg,likes_avg,comments_avg,shares_avg
ekin.721,MOMO‚Äôs,22170000.0,26000000.0,2800000.0,2940000.0,11640000.0
dojacat,Doja Cat,22200000.0,25400000.0,5000000.0,3670000.0000000005,4680000.0
kiet.ac.quy,Ki·ªát ·∫Æk W·ª∑,2100000.0,20700000.0,3500000.0,3879999.9999999995,3390000.0
charlidamelio,charli d‚Äôamelio,135400000.0,18700000.0,2600000.0,5470000.0,3520000.0000000005
luvadepedreiro,Iran Ferreira (Lai),11400000.0,24800000.0,2600000.0,3270000.0000000005,2680000.0
badbunny,Bad Bunny,16100000.000000002,17600000.0,4000000.0,2800000.0,2620000.0
khaby.lame,Khabane lame,135200000.0,17700000.0,2300000.0,1800000.0,1120000.0
leomahalo,Leo Mahalo,6800000.0,19000000.0,2200000.0,1180000.0,1440000.0
swagboygorringe,Daniel Gorringe,5600000.0,9900000.0,1800000.0,2530000.0,3590000.0
jennmelon,Jenn Melon,2000000.0,11000000.0,2300000.0,1510000.0,2450000.0
jounggustav,Joung Gustav,1900000.0,16399999.999999998,2200000.0,990000.0,1340000.0
txt.bighitent,TOMORROW X TOGETHER,16200000.0,7700000.0,1800000.0,3320000.0000000005,1220000.0
pongamoslo_a_prueba,Pong√°moslo a Prueba,30400000.0,16000000.0,2500000.0,630000.0,730000.0
bdylanhollis,B. Dylan Hollis,7600000.0,8600000.0,1600000.0,1150000.0,2000000.0
lyczak,üëë≈Åyczuuüëë,1500000.0,11800000.0,1400000.0,1610000.0000000002,860000.0
juandamc,JuanDa.,17100000.0,7500000.0,1700000.0,910000.0,1950000.0
lifeinanimati0n,A <3,74520000.0,6200000.0,1100000.0,880000.0000000001,4020000.0000000005
zlusha,Zlusha,2000000.0,7200000.0,1100000.0,1290000.0,2950000.0
amauryguichon,Amaury Guichon,5400000.0,11000000.0,1600000.0,580000.0,1330000.0
eupereiraoficial,Eu Pereira,4600000.0,12200000.0,1200000.0,570000.0,1150000.0
druskitv,DRUSKI,3200000.0,6400000.0,1200000.0,770000.0,2590000.0
adrianbliss,Adrian Bliss,5200000.0,7700000.0,1500000.0,540000.0,1600000.0
kimberly.loaiza,Kimberly Loaiza,61000000.0,9900000.0,1300000.0,1410000.0,450000.0
deborahyowa,Deborah yowa,10300000.0,12600000.0,68870000.0,1700000.0,910000.0
nekoglai,–ù–∏–∫–æ–ª–∞–π,9400000.0,8500000.0,98230000.0,2250000.0,440000.00000000006
domelipa,Dominik,50700000.0,7900000.0,1200000.0,1730000.0,620000.0
diego.cr_,Diego Rodr√≠guez,23810000.0,9100000.0,84500000.0,910000.0,1950000.0
addisonre,Addison Rae,87300000.0,9300000.0,1200000.0,1340000.0,590000.0
mastertingus,mastertingus,1500000.0,4200000.0,85920000.0,2510000.0,3379999.9999999995
santandave,Santan,1100000.0,6200000.0,1000000.0,2130000.0,1200000.0
machinegunkelly,Colson,3400000.0,10800000.0,82260000.0,1370000.0,900000.0
bellapoarch,Bella Poarch,88500000.0,11100000.0,1000000.0,1430000.0,160000.0
daddyyankee,daddyyankee,10400000.0,6000000.0,69630000.0,1810000.0000000002,2060000.0000000002
official_nct,NCT Official,7300000.0,3200000.0,1200000.0,2310000.0,1760000.0000000002
zeth,Zeth,10800000.0,6600000.0,1300000.0,409999.99999999994,1280000.0
larrayeeee,LARRAY,25600000.0,5400000.0,1200000.0,1760000.0000000002,409999.99999999994
mrbeast,MrBeast,34700000.0,6800000.0,1100000.0,1610000.0000000002,150000.0
jypestraykids,Stray Kids,10800000.0,2900000.0,1100000.0,2760000.0,1200000.0
iamferv,Fernanda,26100000.0,7800000.0,1100000.0,1030000.0000000001,380000.0
nicocaponecomedy,nicocapone.comedy,20300000.0,11800000.0,69180000.0,390000.0,1019999.9999999999
honeybobabear,HoneyBobaBear,7800000.0,10100000.0,1400000.0,500000.0,240000.0
masondenverr,mason,2000000.0,4400000.0,1200000.0,730000.0,1130000.0
nicoletv,Kayla Nicole,10200000.0,6100000.0,99930000.0,490000.00000000006,1000000.0
aquajock_h2bro,J√¶B√¶,50970000.0,5400000.0,96640000.0,540000.0,1060000.0
terryreloaded,Terry Reloaded,3900000.0,4900000.0,1000000.0,630000.0,1019999.9999999999
soysuco,soysuco,9600000.0,6300000.0,99950000.0,1110000.0,200000.0
itzyofficial,ITZY,7300000.0,4700000.0,1200000.0,1040000.0,360000.0
oldtimehawkey,Old Time Hawkey,5100000.0,4800000.0,83160000.0,1100000.0,700000.0
missionaryjack,Jack Harlow,3300000.0,8300000.000000001,83700000.0,490000.00000000006,550000.0
conormaynard,Conor Maynard,6200000.0,5800000.0,79430000.0,890000.0,660000.0
conormaynard,Conor Maynard,6200000.0,5800000.0,79430000.0,890000.0,660000.0
itssassagurl,Sassa Gurl,5300000.0,6000000.0,96960000.0,620000.0,600000.0
terryreloaded,Terry Reloaded,4000000.0,4400000.0,95530000.0,620000.0,940000.0
jimmydarts,Jimmy Darts,8100000.0,5300000.0,89340000.0,1030000.0000000001,290000.0
alshad95,Alshad Ahmad,1600000.0,7300000.0,76190000.0,620000.0,500000.0
bayashi.tiktok,„Éê„É§„Ç∑ü•ëBayashi,24100000.0,7700000.0,95800000.0,580000.0,250000.0
rosalia,La Rosalia,18300000.0,9800000.0,97850000.0,380000.0,229999.99999999997
daniel.labelle,Daniel LaBelle,25500000.0,4600000.0,75490000.0,550000.0,1180000.0
masonmount,Mason Mount,2800000.0,4800000.0,80690000.0,990000.0,509999.99999999994
theandrewschulz,Andrew Schulz,3000000.0,4000000.0,60220000.00000001,220000.00000000003,2160000.0
activesufi,activesufi,36460000.0,13800000.0,1100000.0,220000.00000000003,150000.0
hayleygeorgiamorris,Hayley Morris,2900000.0,4600000.0,58690000.0,190000.0,1839999.9999999998
lilnasx,lil nas x,27700000.0,5700000.0,80460000.0,900000.0,300000.0
willsmith,Will Smith,67400000.0,6900000.0,65850000.0,1000000.0,200000.0
clarissaperezlara,Clari,12950000.0,3900000.0,37000000.0,270000.0,3420000.0000000005
spriteder_spd,Prite Netijen Netirattanapaiboon,2700000.0,8000000.0,92480000.0,370000.0,350000.0
paytonking,Payton King,5100000.0,2800000.0,68540000.0,1180000.0,1580000.0
lexibrookerivera,Lexi Rivera,21100000.0,7000000.0,93740000.0,620000.0,190000.0
snoopdogg,Snoop Dogg,19700000.0,7400000.0,64720000.00000001,660000.0,430000.0
tuckerbudzyn,tuckerbudzyn,10100000.0,4000000.0,63860000.0,330000.0,1670000.0
jaykindafunny8,Jaykindafunny,23300000.0,9600000.0,68570000.0,240000.0,520000.0
solsito.pe,Solsito.pe,8020000.0,3500000.0,50310000.0,1060000.0,1780000.0
jake2r,"Jake2r, Ph.D.",2100000.0,2800000.0,73960000.0,520000.0,1710000.0000000002
thejoeyswoll,Joey Swoll,2400000.0,5300000.0,80450000.0,840000.0,250000.0
kallmekris,Kris HC,43300000.0,5400000.0,98800000.0,550000.0,310000.0
jdpantoja,JD Pantoja,26800000.0,4800000.0,94220000.0,869999.9999999999,130000.0
datvilla94,üî•ƒê·∫°t Villaüî•,5200000.0,5700000.0,65910000.0,810000.0,310000.0
haileybieber,Hailey Bieber,7700000.0,5700000.0,81050000.0,630000.0,270000.0
big.johns,Big Johns,14030000.000000002,3100000.0,47650000.0,1839999.9999999998,869999.9999999999
cleanpuppy,Chloe Cherry,1700000.0,4800000.0,98020000.0,570000.0,290000.0
arabstay,ùïäùï•ùï£ùïíùï™ ùïúùïöùïïùï§,21900000.0,2600000.0,77020000.0,1170000.0,819999.9999999999
aitch12,Aitch,1800000.0,5300000.0,42110000.0,760000.0,980000.0000000001
doctorgraves,Dr.Graves,2700000.0,5000000.0,87970000.0,280000.0,590000.0
fredziownik_art,Franek Bielak,11800000.0,6300000.0,78190000.0,650000.0,120000.0
vibin.wit.tay,Tay,3300000.0,3300000.0,68940000.0,400000.0,1260000.0
cedriklorenzen,Cedrik Lorenzen,2100000.0,4000000.0,45700000.0,790000.0,1240000.0
vanessalopesr,Vanessa Lopes,21300000.0,5900000.0,63710000.0,640000.0,290000.0
rustam_mayer_djavid,RUSTAM MAYER,4300000.0,7800000.0,39080000.0,160000.0,969999.9999999999
soojinicoreana,Chingu Amiga,17300000.0,6500000.0,1000000.0,390000.0,140000.0
jinisprotips,üí° Jini üí°,71370000.0,3700000.0,46760000.0,690000.0,1290000.0
esen_alva,Esen,3100000.0,3300000.0,53629999.99999999,330000.0,1550000.0
drew.nori,Drew Nori,4700000.0,8100000.0,38790000.0,969999.9999999999,
wuesilva,Wue Silva,11800000.0,4500000.0,58400000.0,1060000.0,180000.0
thallyssonsb,Thallysson Borges,8500000.0,3600000.0,62900000.0,600000.0,819999.9999999999
natemyburgh,Nate,30639999.999999996,3400000.0,72490000.0,360000.0,900000.0
soso_aroundtheworld,Sosonebieridze,10980000.0,3000000.0,42000000.0,1080000.0,1320000.0
newboyjosh,Newboyjosh,34050000.0,4000000.0,44500000.0,640000.0,1040000.0
initiaraandini,tiara andini,4099999.9999999995,7400000.0,65160000.0,440000.00000000006,180000.0
iamkevingates,Kevin Gates,2100000.0,3500000.0,41360000.0,940000.0,1130000.0
max7424453118,Max Taylor,2800000.0,3500000.0,57260000.0,520000.0,950000.0
danya_milokhin,danya_milokhin,16500000.0,6300000.0,73320000.0,459999.99999999994,170000.0
samanthalogan,Samantha Logan,1800000.0,6000000.0,84090000.0,300000.0,280000.0
jakekrantz1,Jake Krantz,2100000.0,3600000.0,77230000.0,320000.0,710000.0
fujiiian,Fuji,12700000.0,6200000.0,76040000.0,340000.0,260000.0
vincentmarcus,VincentMarcus,2500000.0,10700000.0,25040000.0,229999.99999999997,819999.9999999999
hongthanhofficial,HongThanhOfficial,1300000.0,7700000.0,67560000.0,270000.0,270000.0
kervo.dolo,Kervo.dolo,7500000.0,3900000.0,60640000.0,440000.00000000006,710000.0
zachjustice,Zach Justice,3900000.0,6000000.0,79370000.0,100000.0,459999.99999999994
qamar_altaey,ìÜ©ùëÑùê¥ùëÄùê¥ùëÖ¬π‚Å∂ìÜ™,2800000.0,3600000.0,34800000.0,1019999.9999999999,1080000.0
fortnitekanal.exe,Fortnitekanal.exe,1400000.0,2200000.0,53940000.0,1400000.0,780000.0
m.wardy_14,Ÿàÿ±ÿØŸâ,6759999.999999999,1900000.0,46550000.0,380000.0,2480000.0
ynchq,–ØN,3700000.0,3900000.0,64510000.0,409999.99999999994,580000.0
nilered,NileRed,8700000.0,4000000.0,72580000.0,540000.0,320000.0
besttoks,besttoks,2200000.0,17400000.0,45160000.0,110000.00000000001,210000.0
miketoks,Miketoks,11600000.0,6200000.0,59970000.00000001,250000.0,400000.0
tiktokmena,TikTok MENA,5700000.0,39500000.0,17920000.0,120000.0,220000.00000000003
eyavanana,Eya,10800000.0,4600000.0,72530000.0,500000.0,210000.0
john.leitao,John Leit√£o,2700000.0,4300000.0,38090000.0,780000.0,640000.0
brunodiferente2022,Bruno Diferente,4000000.0,6600000.0,11670000.0,600000.0,2240000.0
sugarcoatedsisters,Tabby and Chloe,32030000.0,3200000.0,52379999.99999999,260000.0,1050000.0
hesfinatia,PINATüçÖ|| IG: @hesfinatia,8300000.000000001,8600000.0,93690000.0,180000.0,
vadik_dikiy,vadik_dikiy,91480000.0,3200000.0,48910000.0,200000.0,1180000.0
championsleague,Champions League,11600000.0,3600000.0,62829999.99999999,420000.0,509999.99999999994
esnyrrr,Esnyr Ranollo,4400000.0,3500000.0,64529999.99999999,450000.0,480000.0
savanahmosss,Savanah Moss,9300000.0,4500000.0,70300000.0,409999.99999999994,250000.0
dindahw14,Dinda Hauw,3000000.0,7900000.0,68920000.0,200000.0,180000.0
joshiiwuhhh,Joshua Alden,3200000.0,2900000.0,55550000.0,370000.0,880000.0000000001
j3ipy_,Jeipy,7800000.0,4300000.0,76070000.0,330000.0,280000.0
morganpresleyxo,Morgan Presley,5300000.0,4800000.0,63850000.0,310000.0,350000.0
skaijackson,Skai Jackson ü•∞,19700000.0,5200000.0,82400000.0,310000.0,150000.0
ssmaaaryy,Razi Monroe,6800000.0,6400000.0,58629999.99999999,280000.0,240000.0
vhackerr,Vinnie,13900000.0,2900000.0,59370000.00000001,780000.0,360000.0
tranvantre992,Tr·∫ßn Tre Vlogs üêâ,75930000.0,9100000.0,47290000.0,370000.0,
jwaltonnn,·¥ä‚ö°Ô∏è,73340000.0,1700000.0,36940000.0,2800000.0,250000.0
kubenjoy,KUBenjoy,3500000.0,4200000.0,47630000.0,500000.0,450000.0
jdiasss_,Jo√£o Dias,7000000.0,3500000.0,81700000.0,450000.0,200000.0
evcnoble,Everett Noble,9800000.0,3400000.0,84450000.0,320000.0,340000.0
victormelo,Victor Melo,19400000.0,4600000.0,64220000.00000001,380000.0,240000.0
emilen_im,–≠–º–∏–ª—å–µ–Ω,4000000.0,5300000.0,66310000.0,400000.0,120000.0
ehlija,Eh Lija,3300000.0,4000000.0,50600000.0,470000.0,430000.0
thoriqhal,thariqhalilintar,3800000.0,5800000.0,66200000.0,240000.0,220000.00000000003
afgsuga,Afg Suga Official,16169999.999999998,3300000.0,49030000.0,409999.99999999994,680000.0
jen_wolff,jenny,18760000.0,2900000.0,37160000.0,570000.0,1050000.0
tubbynugget,Tubby Nugget,3500000.0,2600000.0,51820000.00000001,210000.0,1080000.0
rescuerestore,Rescue & Restore,1500000.0,9200000.0,43000000.0,150000.0,290000.0
baddest4bitches,Edda,1500000.0,2500000.0,58020000.00000001,850000.0,340000.0
_itsstefano_,It'sStefano,4400000.0,4600000.0,55379999.99999999,580000.0,
guryan_off,–ì—É—Ä—å—è–Ω–æ–≤ –ú–∞–∫—Å–∏–º,2600000.0,3300000.0,47950000.0,310000.0,770000.0
thebenjishow,benji,5500000.0,3400000.0,54960000.0,380000.0,520000.0
mikaelatesta,Mikaela Testa,1700000.0,4300000.0,96030000.0,330000.0,
grillervm,GrillerVM,2900000.0,4300000.0,54929999.99999999,290000.0,400000.0
riaricis,Ria Ricis,25500000.0,5500000.0,66510000.0,220000.00000000003,210000.0
lizzza,Liza Koshy,29400000.0,5200000.0,1200000.0,190000.0,
elmarianaa,ElMariana,6500000.0,3800000.0,83480000.0,160000.0,330000.0
somi_official_,JEON SOMI,6100000.0,3000000.0,74630000.0,459999.99999999994,229999.99999999997
craggygames,Craggy Games,30680000.0,7000000.0,18930000.0,,1090000.0
gritside,gritside,3600000.0,3500000.0,44640000.0,150000.0,830000.0000000001
charlieputh,Charlie Puth,16100000.000000002,3500000.0,50910000.0,580000.0,260000.0
spencer_serafica,Xspencer,12300000.0,4000000.0,66320000.00000001,409999.99999999994,160000.0
mikaylahau,Mikaylah,4200000.0,3000000.0,38640000.0,990000.0,320000.0
kevinprieto077,kevinprieto077,1800000.0,3800000.0,58929999.99999999,340000.0,310000.0
christianfabiannn,Christian Fabi√°n D.,12000000.0,4800000.0,73320000.0,370000.0,
brotherofcolor,Heyimparis,12700000.0,5000000.0,60950000.0,360000.0,110000.00000000001
gavrilinaa,–Æ–ª—å–∫–∞ –®–ø—É–ª—å–∫–∞üï∑üï∏,16300000.0,3900000.0,52220000.00000001,400000.0,300000.0
phun.anh,Ph√πn Anh,2700000.0,6800000.0,37420000.0,380000.0,170000.0
tooturnttony,Tooturnttony,15600000.0,5400000.0,46460000.0,280000.0,280000.0
baimwong,Baim Wong,7500000.0,5100000.0,39240000.0,370000.0,330000.0
maxtaylorlifts,Max Taylor,7600000.0,3000000.0,52900000.0,440000.00000000006,450000.0
kimberly11sofia,‚ú®Kimberly11sofia‚ú®,57660000.0,1900000.0,20800000.0,2700000.0,780000.0
lourdasprec,LOURD,8700000.0,2400000.0,59210000.0,530000.0,430000.0
katiavlogss,KATIAVLOGSüêí,13800000.0,4600000.0,63820000.00000001,350000.0,110000.00000000001
itslennnie,lennnie,1900000.0,1900000.0,31920000.0,240000.0,2000000.0
couragejd,Jack CouRage Dunlop,3100000.0,3400000.0,39150000.0,290000.0,710000.0
karimmahmoudabdelaziz,Karim Mahmoud Abdel Aziz,3400000.0,5300000.0,37560000.0,250000.0,409999.99999999994
jbdjebb,Jean-Baptiste Djebbari,1100000.0,2900000.0,44860000.0,620000.0,380000.0
dailymug69,It‚Äôs a sad story...,4200000.0,4099999.9999999995,54420000.00000001,560000.0,
superfirsthero,–°–£–ü–ï–†–ü–ï–†–í–´–ô–ì–ï–†–û–ô,1600000.0,2800000.0,52610000.0,440000.00000000006,450000.0
cookingwithlynja,Lynja,9900000.0,5200000.0,64900000.0,250000.0,140000.0
gordonramsayofficial,Gordon Ramsay,31700000.0,5700000.0,55720000.00000001,320000.0,
nabela,nabela,7200000.0,5400000.0,62710000.0,260000.0,120000.0
alexwaarren,Alex warren,15200000.0,4600000.0,76900000.0,130000.0,229999.99999999997
ayesebastien,Sebastien,7200000.0,3100000.0,56529999.99999999,280000.0,459999.99999999994
jamie32bsh,Jamie Big Sorrel Hor,7100000.0,5800000.0,31360000.000000004,470000.0,220000.00000000003
maxthemeatguy,Max The Meat Guy,3800000.0,6200000.0,68190000.0,170000.0,120000.0
andy.and.michelle,Andy & Michelle,3700000.0,3100000.0,43810000.0,280000.0,610000.0
realmsp,RealMsP,34910000.0,4900000.0,77190000.0,200000.0,110000.00000000001
gameofthrones,Game of Thrones,64729999.99999999,3000000.0,35950000.0,190000.0,900000.0
ameliadimz,ameliadimz,1300000.0,3700000.0,52979999.99999999,409999.99999999994,180000.0
chris,Chris Olsen,7200000.0,6100000.0,71210000.0,160000.0,110000.00000000001
isaach.p,Isaac H.P,1600000.0,2400000.0,23000000.0,1100000.0,969999.9999999999
billlnai,nai,8400000.0,3100000.0,79710000.0,320000.0,140000.0
samseats,Sam Way,8700000.0,3600000.0,61850000.0,280000.0,220000.00000000003
soysuco_ff,Suco Ismael,3700000.0,3400000.0,43050000.0,660000.0,
gaynadia,nadia,28789999.999999996,2200000.0,58379999.99999999,440000.00000000006,409999.99999999994
thatlittlepuff,ThatLittlePuff,25000000.0,5100000.0,61290000.0,140000.0,210000.0
lachama4_ff,LA CHAMA ·¥∞,8300000.000000001,2900000.0,47700000.0,730000.0,
envydo,envy,19870000.0,1800000.0,47610000.0,919999.9999999999,330000.0
k1lauea,killazz,12819999.999999998,1800000.0,45140000.0,910000.0,370000.0
noreportar08,noreportar08,26530000.0,4000000.0,10490000.0,1110000.0,1290000.0
elrodcontreras,RODü•¥,40100000.0,3300000.0,52100000.0,480000.0,100000.0
k1lauea,killazz,12819999.999999998,1800000.0,45140000.0,910000.0,370000.0
noreportar08,noreportar08,26530000.0,4000000.0,10490000.0,1110000.0,1290000.0
elrodcontreras,RODü•¥,40100000.0,3300000.0,52100000.0,480000.0,100000.0
kpp2179393999,„Åç„ÇÉ„Çä„Éº„Å±„Åø„ÇÖ„Å±„Åø„ÇÖ„ÅÆË£èÂû¢,83490000.0,6500000.0,34550000.0,130000.0,320000.0
elgato,Rodrigo EL GATO,3200000.0,3300000.0,45400000.0,400000.0,270000.0
carolfermichh,CarolFerMichh,6200000.0,4300000.0,66479999.99999999,240000.0,110000.00000000001
montpantoja,Montpantoja,32299999.999999996,3500000.0,65250000.0,320000.0,120000.0
mmmjoemele,Joe Mele,21000000.0,4300000.0,60840000.0,220000.00000000003,150000.0
1xgoku,goku,7480000.0,1900000.0,34560000.0,250000.0,1220000.0
anthonnyswagg3,anthonnyswagg,8500000.0,8100000.0,46960000.0,170000.0,
bjjojo_,jüêûjü¶ãfan,6160000.0,2000000.0,35450000.0,620000.0,730000.0
uberkuloz,Berk Keklik,1000000.0,5200000.0,39470000.0,210000.0,250000.0
nilskue,Nils Kuesel,9500000.0,2600000.0,51540000.0,520000.0,180000.0
mcsilsiloficial,@mcsilsiloficial,5800000.0,2600000.0,20170000.0,470000.0,1370000.0
labrinth,Labrinth,92490000.0,4200000.0,41690000.0,340000.0,190000.0
oilywhitehat,üîå,19730000.0,5500000.0,37350000.0,310000.0,140000.0
jacksepticeye,Jacksepticeye,4200000.0,2900000.0,51270000.00000001,430000.0,190000.0
marisol.viola,marisol viola,1100000.0,2600000.0,50480000.0,409999.99999999994,310000.0
strangehumano,strangehumman NOVA,7800000.0,3200000.0,38630000.0,450000.0,300000.0
playboyjuju,üï∑,25939999.999999996,3300000.0,29120000.0,550000.0,420000.0
itsjessibaby,Jessi,5000000.0,3100000.0,73850000.0,320000.0,
bbykevv_,Kevin Nguyen,1600000.0,3200000.0,63310000.0,210000.0,240000.0
nykolasteles,Nykolas Teles,3800000.0,2700000.0,36880000.0,580000.0,340000.0
morimura,MoriMuraüçï,6400000.0,2200000.0,48300000.0,440000.00000000006,409999.99999999994
danisoomin,daniela kim,8400000.0,3400000.0,49270000.0,409999.99999999994,120000.0
tenderlybaemusic,tenderlybae,14400000.0,3600000.0,40950000.0,459999.99999999994,150000.0
ig_alongwiranda,üïåüèÉ,88070000.0,3200000.0,12940000.0,120000.0,2000000.0
crisdevilgamer7,CrisDevilGamer,4500000.0,3500000.0,38810000.0,520000.0,120000.0
meishmoe,meishmoe,3900000.0,2500000.0,53450000.0,240000.0,409999.99999999994
maylathanzin,Maylathanzin,1900000.0,3500000.0,41760000.0,120000.0,470000.0
zuuzina,üëΩ,1200000.0,2700000.0,34240000.0,420000.0,509999.99999999994
jennifergarner,Jen Garner,2100000.0,3400000.0,31500000.0,560000.0,240000.0
seventeen17_official,SEVENTEEN,3900000.0,1500000.0,37590000.0,1110000.0,409999.99999999994
meosimmyyt,M√®o Simmy,3900000.0,2700000.0,36710000.0,710000.0,150000.0
mariabecerra_22,Maria Becerra,6100000.0,3200000.0,55390000.0,360000.0,120000.0
frostech,FROSTECH,32100000.0,3400000.0,41100000.0,150000.0,459999.99999999994
p0_2,ŸÖÿ¥ÿßÿ±Ÿä ÿ®ŸÜ ÿπÿ®ÿØÿßŸÑÿπÿ≤Ÿäÿ≤  -,1700000.0,4900000.0,23370000.0,600000.0,150000.0
joelbergs,JoelBergs,11200000.0,3400000.0,63629999.99999999,170000.0,220000.00000000003
euro2024,EURO2024,6800000.0,2500000.0,40730000.0,290000.0,540000.0
daz_black,daz_black,7000000.0,2300000.0,50640000.0,430000.0,290000.0
claragnds,Maria Clara Garcia,16000000.0,2800000.0,40150000.0,520000.0,210000.0
desartdestro,desartdestro,7800000.0,5400000.0,36830000.0,200000.0,210000.0
camilacabello,Camila Cabello,15300000.0,5200000.0,32180000.0,280000.0,200000.0
berkcoskunofficial,Berk Co≈ükun,3500000.0,5600000.0,19420000.0,290000.0,450000.0
ser.geybin,Ser Geybin,1700000.0,3800000.0,38350000.0,220000.00000000003,330000.0
anthpo,Anthony Po,68830000.0,1700000.0,41420000.0,470000.0,690000.0
erikarichardo,erika,7900000.0,4600000.0,57870000.00000001,250000.0,
thegnshow,The Graham Norton Show,1200000.0,4900000.0,49100000.0,,250000.0
cx_.q,ŸÖÿµÿ∑ŸÅŸâ ÿßŸÑÿ®ÿµÿ±ÿßŸàŸä 62,2100000.0,3900000.0,23470000.0,310000.0,540000.0
owen.han,MANGIAMOH,1500000.0,4800000.0,37620000.0,120000.0,310000.0
keniaos,KeniaOs,13700000.0,2200000.0,37120000.0,750000.0,200000.0
angryreactions,Oneya D‚ÄôAmelio,25800000.0,2800000.0,40620000.0,620000.0,
saraecheagaray,sara,7000000.0,3600000.0,70070000.0,200000.0,100000.0
ana_eusse,Ana Maria,10500000.0,4400000.0,66550000.0,210000.0,
ani__mel,Melody üå±,79860000.0,1900000.0,35970000.0,270000.0,850000.0
julianjacob,Julian Jacob,1200000.0,3800000.0,49650000.0,240000.0,160000.0
averywit,Avery,1000000.0,5400000.0,72410000.0,160000.0,
buithanhtuyen2003,ùêìùêÆùê≤ùêûÃÇÃÄùêß ùêóùêÆ ùêìùêï üí¶,1800000.0,1600000.0,22880000.0,1850000.0,190000.0
emilythetrimmer,Emily Mohring,49260000.0,5800000.0,26789999.999999996,170000.0,310000.0
fabru_blacutt,Fabru,17000000.0,5300000.0,54479999.99999999,190000.0,
yoangelolo,Angelo Bahu,1200000.0,2400000.0,22430000.0,1220000.0,150000.0
virginiafonseca,Virginia,30600000.0,4400000.0,56640000.0,229999.99999999997,
haritsuuu,„Éè„É™„ÉÑüåøÊ•µ,1300000.0,4099999.9999999995,15810000.0,490000.00000000006,640000.0
thekapelariz,The Kapelari Family,1100000.0,2800000.0,46420000.0,350000.0,210000.0
camavinga,Eduardo Camavinga,1000000.0,3300000.0,52229999.99999999,250000.0,160000.0
feezius,feezius,2100000.0,4000000.0,52579999.99999999,280000.0,
lights.are.off,LIGHTS ARE OFF,18700000.0,2900000.0,29270000.0,630000.0,210000.0
benjaminmaissecret,benjamin,17440000.0,7000000.0,3920000.0000000005,2400000.0,170000.0
calebrownn,Cale Brown,5000000.0,2700000.0,45950000.0,150000.0,420000.0
realuser_1,Jrm,1600000.0,4099999.9999999995,41150000.0,250000.0,170000.0
anas_elshayib,ÿßŸÜÿ≥ ÿßŸÑÿ¥ÿßŸäÿ®,3600000.0,4600000.0,19400000.0,610000.0,180000.0
caleb.finn,Ôº≥ÔΩîÔΩÅÔΩô„ÄÄÔΩàÔΩôÔΩÑÔΩíÔΩÅÔΩîÔΩÖÔΩÑ„ÄÄÁ∑Ø‰ø∫„Å™,15200000.0,3500000.0,69150000.0,250000.0,
hi_arvans,arvanss,20140000.0,1300000.0,32030000.0,120000.0,1550000.0
theestallion,Megan Thee Stallion,10900000.0,1900000.0,49970000.0,440000.00000000006,290000.0
rubentuestaok,Ruben Tuesta,12300000.0,4500000.0,41830000.0,110000.00000000001,260000.0
kingbach,KingBach,26300000.0,3100000.0,58220000.00000001,180000.0,200000.0
rdcworld1,Mark Phillips,2800000.0,1800000.0,33600000.0,229999.99999999997,910000.0
anna..paull,Anna Paul,3000000.0,2800000.0,65560000.0,290000.0,
drewafualo,Drew Afualo,6800000.0,2200000.0,44650000.0,509999.99999999994,210000.0
scottkress_,scottkress,2900000.0,1500000.0,40270000.0,740000.0,409999.99999999994
dixiedamelio,dixie,57200000.0,4400000.0,27520000.0,459999.99999999994,110000.00000000001
nianaguerrero,Niana Guerrero,30500000.0,3200000.0,49300000.0,270000.0,170000.0
benoftheweek,ben de almeida,10600000.0,3500000.0,51279999.99999999,310000.0,
maiaknight,Maia Knight,8100000.0,3500000.0,62879999.99999999,250000.0,
theovon,Theo Von,1400000.0,2400000.0,23060000.0,270000.0,980000.0000000001
abbieherbert,AbbieHerbert,12200000.0,4600000.0,61920000.00000001,160000.0,
yazidoe,YaziDoe,95890000.0,2000000.0,29739999.999999996,280000.0,840000.0
loewhaley,Laura,1400000.0,2500000.0,23200000.0,120000.0,1060000.0
georgieanthony,georgie munoz,2200000.0,1800000.0,29430000.0,300000.0,950000.0
.blue_devil,Why Not ? ‚úß,94190000.0,4800000.0,48640000.0,150000.0,130000.0
ya_gazdanova,–ù–∏–Ω–∞ –ì–∞–∑–¥–∞–Ω–æ–≤–∞,3400000.0,3700000.0,18400000.0,,880000.0000000001
piperrockelle,Piperrockelle,9000000.0,2400000.0,27539999.999999996,930000.0000000001,
incorrectlyroce,Roce Ordo√±ez,5000000.0,3100000.0,49950000.0,190000.0,220000.00000000003
wayeelkaboy10,Wayeelka boy10,85240000.0,3700000.0,16960000.0,560000.0,430000.0
joaoferdnan,Jo√£o Ferdnan,7400000.0,2000000.0,23850000.0,420000.0,910000.0
simpleputin,–ü—Ä–æ—Å—Ç–æ –ü—É—Ç–∏–Ω,6000000.0,3100000.0,15790000.0,1060000.0,220000.00000000003
chapaevva,—á–∞–ø–∞–µ–≤–∞,1900000.0,3800000.0,34770000.0,290000.0,170000.0
lyna_com,lyna_com2000,4400000.0,3400000.0,45130000.0,300000.0,110000.00000000001
arigameplays,AriGameplays,19300000.0,2600000.0,44460000.0,450000.0,
tommyinnit,Tommy,11500000.0,1500000.0,43210000.0,760000.0,190000.0
arigameplays,AriGameplays,19300000.0,2600000.0,44460000.0,450000.0,
tommyinnit,Tommy,11500000.0,1500000.0,43210000.0,760000.0,190000.0
alexisomman,Alexis Omman,9200000.0,1600000.0,33000000.0,509999.99999999994,650000.0
samadhiza_,samadhiza,7400000.0,3700000.0,41830000.0,210000.0,180000.0
joerauth_,Joe rauth,4900000.0,2900000.0,46300000.0,160000.0,290000.0
danielarodrice,Daniela Rodrice,9900000.0,4200000.0,73570000.0,150000.0,
official_kep1er,Kep1er,3500000.0,1800000.0,39500000.0,550000.0,270000.0
sucss.s,A√ßucena Guirra,9700000.0,2600000.0,46810000.0,300000.0,190000.0
veydi_rush,veydi_rush,8000000.0,2900000.0,45680000.0,260000.0,180000.0
davidsiwonchoi,ÏµúÏãúÏõê ‚Ä¢ Siwon Choi,1900000.0,1300000.0,31430000.0,860000.0,560000.0
livvy,Olivia Dunne,5100000.0,2700000.0,31600000.0,490000.00000000006,180000.0
catherineealicia,catheez,1300000.0,2300000.0,30639999.999999996,590000.0,220000.00000000003
bonjee,Bonjee,1800000.0,1800000.0,38290000.0,250000.0,590000.0
tuckercomedy,Tucker Reynolds,2000000.0,1600000.0,22520000.0,290000.0,1270000.0
jennifer_aplicano,Jennifer Apl√≠cano,1000000.0,2500000.0,24850000.0,370000.0,540000.0
qonitcah,Qonitcah | Health Education,1400000.0,3100000.0,27750000.0,440000.00000000006,200000.0
carolcastromx,Carol Castro,9700000.0,3400000.0,56420000.00000001,240000.0,
vorostwins,vorostwins,2600000.0,2700000.0,34410000.0,380000.0,210000.0
tiagodionisio,Tiago_Dionisio,5500000.0,2400000.0,22700000.0,110000.00000000001,890000.0
magic_daniell,Magic Daniell,9000000.0,4500000.0,50340000.0,200000.0,
3tl.team,3TL,1600000.0,4400000.0,38090000.0,270000.0,
nessaabarrett,Nessa Barrett,17900000.0,2800000.0,33820000.0,380000.0,200000.0
saeemm2002,Samantha Ancheta,4099999.9999999995,1800000.0,39690000.0,400000.0,360000.0
nate.dawg.com,Nate dawg,23020000.0,2400000.0,43450000.0,330000.0,190000.0
larissagloor,ùóüùóÆùóøùó∂ùòÄùòÄùóÆ ùóöùóπùóºùóºùóø,2600000.0,2900000.0,48940000.0,240000.0,130000.0
xshueur,“ì·¥á·¥á ü…™…¥…¢,25660000.000000004,2400000.0,18600000.0,,1170000.0
cleanpuppy,Chloe Cherry,1700000.0,3600000.0,61740000.0,170000.0,
tootymcnooty,TootyMcNooty,7300000.0,1500000.0,40110000.0,220000.00000000003,640000.0
miakhalifa,Mia K.,32500000.0,3700000.0,34030000.0,350000.0,
notraymodeli,Modeli,1900000.0,1800000.0,40430000.0,270000.0,430000.0
axelwebber,Axel,4200000.0,2400000.0,54470000.00000001,340000.0,
baebyshaa,shalynne,32460000.000000004,3000000.0,65029999.99999999,140000.0,120000.0
momonatamada,Momona Tamada,3700000.0,2700000.0,48940000.0,330000.0,
nikkietutorials,nikkietutorials,5100000.0,4300000.0,53660000.0,120000.0,
spicyycam_,Spicy Cam,18200000.0,3500000.0,42810000.0,300000.0,
sa_ro01,saraüíú,3400000.0,3300000.0,26589999.999999996,459999.99999999994,110000.00000000001
byniaromero,Nia Romero,10400000.0,4000000.0,53110000.0,200000.0,
_vqsngi.03_,Gh√©t m√¥n To√°n =))),8770000.0,2600000.0,36750000.0,330000.0,180000.0
oblomoffrecipe,oblomoffrecipe,5300000.0,3000000.0,27180000.0,120000.0,480000.0
yg_treasure_tiktok,yg_treasure_official,3500000.0,1700000.0,35530000.0,409999.99999999994,420000.0
luq_music,LUQ_MUSIC,16569999.999999998,2000000.0,23700000.0,590000.0,430000.0
bradtheboxer,Just brad,2000000.0,2500000.0,21670000.0,360000.0,530000.0
ftedooda,üõÑ,2350000.0,1200000.0,21940000.0,280000.0,1639999.9999999998
kurtisconner,kurtis conner,1800000.0,2200000.0,46580000.0,310000.0,150000.0
maskrayy1,maskrayy1,4500000.0,7000000.0,28089999.999999996,120000.0,120000.0
babybella777,Bella Hadid,4400000.0,3000000.0,50450000.0,260000.0,
trainee_a,Trainee A,2700000.0,1300000.0,38400000.0,530000.0,420000.0
texasbushman,Texas BUSHMAN,1200000.0,2400000.0,24260000.0,150000.0,670000.0
ugolord,‚öñÔ∏è The TikTok Attorney ‚öñÔ∏è,5300000.0,2800000.0,28100000.0,560000.0,
fedevigevani,Fede Vigevani,12600000.0,2700000.0,37040000.0,400000.0,
nam_patcharaporn,Namfon,65650000.0,2200000.0,37400000.0,300000.0,260000.0
endomarf,‚òª‚òÜEndoMarfa‚òÜ‚òª,51720000.00000001,1700000.0,51650000.0,340000.0,200000.0
dasigantung,Dasi Gantung,5100000.0,3500000.0,49780000.0,150000.0,120000.0
llucastorresg,Lucas Torres,83140000.0,1500000.0,32850000.0,450000.0,490000.00000000006
bungalow_jonathan,Bungalow Jonathan,25120000.0,1500000.0,11660000.0,,2510000.0
.aidenbeaudry,.aidenbeaudry_official,48330000.0,2000000.0,34480000.0,310000.0,350000.0
cbum,Chris Bumstead,2000000.0,2000000.0,38910000.0,260000.0,320000.0
rebeccazamolo,rebecca zamolo,16800000.0,2300000.0,23390000.0,790000.0,
farrelhkeem,FAüßõ,17910000.0,1800000.0,29289999.999999996,210000.0,640000.0
cellat36,cellat36,8199999.999999999,2400000.0,21230000.0,640000.0,240000.0
clexxd,clexxd,8900000.0,2400000.0,22730000.0,810000.0,
yodeege,Deege,90590000.0,2300000.0,36690000.0,190000.0,350000.0
brentrivera,Brent Rivera,42800000.0,2600000.0,49280000.0,300000.0,
herranwalt,Herr Anwalt,5300000.0,2200000.0,30270000.0,380000.0,300000.0
europaleague,Europa League,2100000.0,2800000.0,34680000.0,200000.0,250000.0
danivallem,Dani Valle,3900000.0,1600000.0,13050000.0,110000.00000000001,1989999.9999999998
nourmar5,nourmar5,14300000.0,1300000.0,14590000.0,1300000.0,1010000.0
nada_m7amed,ÿØŸàÿØÿßü¶πüèªü§ç,5800000.0,3400000.0,28120000.0,229999.99999999997,229999.99999999997
ox_zung,ÏõêÏ†ïÎß® WonJeong,41100000.0,2800000.0,39940000.0,320000.0,
thor.aya,Thoraya Maronesy,1500000.0,2700000.0,46830000.0,210000.0,130000.0
caocuongvu,caocuongvu,3400000.0,2900000.0,34600000.0,310000.0,130000.0
renpc_,‚ú®Ren PC‚ú®,3200000.0,1700000.0,31800000.0,240000.0,560000.0
julesleblanc,jules,18600000.0,2900000.0,65750000.0,180000.0,
alexhook2303,–ê–ª–µ–∫—Å–∞–Ω–¥—Ä,4300000.0,1300000.0,25360000.0,1080000.0,229999.99999999997
laurahfritz,laura & lena,2500000.0,2200000.0,40080000.0,150000.0,330000.0
corvii_ff,EL CORVII üç≠,10500000.0,2500000.0,42770000.0,380000.0,
gabimfmoura,Gabriela Moura,7700000.0,2600000.0,38130000.0,190000.0,240000.0
bottleofdjinn,HIM,70630000.0,2800000.0,58270000.00000001,160000.0,110000.00000000001
mohmadtra,ÿ™ÿ±ŸÅŸàŸÑÿ™ÿß,1800000.0,4400000.0,30470000.0,200000.0,120000.0
respectme90,Football  ‚öΩÔ∏è —Ñ—É—Ç–±–æ–ª,65810000.0,2000000.0,24310000.0,370000.0,500000.0
soycintiacossio,Cintia Cossio,4099999.9999999995,5700000.0,48000000.0,,
thegoodhype,Goodlin Siblings,1700000.0,2500000.0,44350000.0,160000.0,220000.00000000003
carolvillanes,Carol Villanes,4099999.9999999995,1800000.0,31230000.0,700000.0,
just_jenoah_,Jenoah Santiago,1400000.0,2400000.0,48850000.0,150000.0,200000.0
datdo0803,ƒê·ªó ƒê·∫°t,6500000.0,4600000.0,36880000.0,170000.0,
robgronkowski,gronk,2400000.0,2400000.0,33200000.0,170000.0,350000.0
___nicoichi___,NICO„ÄêÂπ≥Êàê„Éï„É©„Éü„É≥„Ç¥„Äë,1300000.0,2700000.0,28889999.999999996,320000.0,210000.0
pablitocastilloo,pablitocastilloo,4500000.0,1800000.0,22560000.0,140000.0,900000.0
iamjonathanpeter,Jonathan Peter,12700000.0,3200000.0,37900000.0,,240000.0
meowlife7,Cats is life,87640000.0,2300000.0,31150000.0,160000.0,409999.99999999994
pimpiriya1,PIM PIRIYA,1300000.0,2900000.0,56790000.0,120000.0,130000.0
ferchugimenez,Fernanda,4300000.0,3300000.0,45650000.0,140000.0,130000.0
homm9k,–•–û–ú–Ø–ö,39000000.0,2800000.0,38580000.0,300000.0,
mndiaye_97,mndiaye_97,14200000.0,2200000.0,41190000.0,229999.99999999997,220000.00000000003
linatejeiro8,Lina Tejeiro,4000000.0,4000000.0,29589999.999999996,,240000.0
www.m4th.com,math!eu,690000.0,1300000.0,30920000.0,650000.0,350000.0
dovecameron,Dove Cameron,9000000.0,1800000.0,38050000.0,450000.0,130000.0
sjbleau,SJ,12300000.0,3600000.0,42030000.0,170000.0,
ginescorreguela,Gin√©s correguela,77640000.0,2800000.0,14050000.0,260000.0,770000.0
mrzeooficial,MR ZEO üá©üá¥,16100000.000000002,2000000.0,25110000.0,200000.0,590000.0
stellajero16,Vester Ajero,1200000.0,1100000.0,26570000.0,1090000.0,250000.0
teokun711abc,„ÉÜ„Ç™„Åè„Çì@Âπ∏„ÅõËÄÖ,1200000.0,2800000.0,31760000.000000004,180000.0,260000.0
ajo.ozil,ùôÜùô™ùôßùô£ùôûùôñ van ùôÇùô™ùô®ùô¢ùôñùô£,90000000.0,6400000.0,25080000.0,,160000.0
mr_paul.boy,"–ü–∞—É–ª, –ª–∏–±–æ –ø—Ä–æ—Å—Ç–æ –ü–∞—à–∞",7200000.0,2200000.0,42600000.0,300000.0,110000.00000000001
rblx.dreyzon,ü§ç –î–†–≠–ô–ó–û–ù ‚Ä¢ –†–û–ë–õ–û–ö–° ü§ç,1300000.0,1900000.0,23400000.0,740000.0,120000.0
mattiastanga,Mattia Stanga,2300000.0,1600000.0,24240000.0,130000.0,860000.0
hannahbahng,hannahbahng,1900000.0,1500000.0,47130000.0,409999.99999999994,130000.0
haositofficial,HaositOfficial,1200000.0,1700000.0,34460000.0,560000.0,
kdramas_klis,‚ú®KLIS‚ú®,86030000.0,2800000.0,36850000.0,140000.0,229999.99999999997
mhc_f_f,‚úß‚òΩ ùíπ ùìá ùëí ùí∂ ùìÇ ùíæ ùìÉ ùëî ‚òæ‚úß,1100000.0,1700000.0,26989999.999999996,140000.0,700000.0
yurielkysojeda,Yurielkys Ojeda,12200000.0,4000000.0,48100000.0,130000.0,
elsalsely00,ü•á ÿßŸÑÿ≥ŸÑÿ≥ŸäŸÑŸä ü•á,4300000.0,4600000.0,17720000.0,,400000.0
mayanelsayed,Mayan El Sayed,3500000.0,4400000.0,26350000.0,120000.0,210000.0
wasyanka,–í–∞—Å–∏–ª–∏–π,2500000.0,1700000.0,12400000.0,100000.0,1680000.0
vidhia_r,Vidhi_R,4400000.0,2700000.0,29060000.000000004,320000.0,160000.0
com.yamato0515,„Äê„Ç≥„É†„Éâ„ÉÉ„Éà„Äë„ÇÑ„Åæ„Å®,1700000.0,2000000.0,27100000.0,490000.00000000006,190000.0
kaylamalecc,kayla,6600000.0,2200000.0,36310000.0,440000.00000000006,
munchieslab,Mart√≠n,2700000.0,2400000.0,18050000.0,,760000.0
albert_cancook,Albert Niazhvinski,4000000.0,4200000.0,40340000.0,140000.0,
juaniquilador,JuanSGuarnizo,8600000.0,2000000.0,45220000.0,160000.0,250000.0
cerenyaldz,Ceren Yaldƒ±z,9200000.0,2200000.0,16450000.0,850000.0,130000.0
thedannyphantom,danny,8009999.999999999,1900000.0,17710000.0,780000.0,270000.0
cindylauw,CindyLauw,14860000.0,2200000.0,32389999.999999996,450000.0,
gehadhassann,Gehad hassanüë∏üèª,7300000.0,1400000.0,17700000.0,350000.0,1070000.0
dudamaryah,dudamaryah,4099999.9999999995,3000000.0,34070000.0,200000.0,140000.0
the.revival,Revival,39280000.0,2200000.0,28380000.0,120000.0,440000.00000000006
gavinmagnus,GavinMagnus,5200000.0,2000000.0,25490000.0,640000.0,
ermmm.umm,user569215425698,210000.0,1900000.0,25450000.0,229999.99999999997,480000.0
thegerbers_,üß°–ú–∞—à–∞ –∏ –†–æ–±–µ—Ä—Çüß°,5300000.0,3700000.0,37530000.0,210000.0,
hiagodosvideos,Hiago Marques,1200000.0,2600000.0,36540000.0,200000.0,160000.0
andweaso,Andrea,5900000.0,3000000.0,54210000.0,120000.0,
luisvelody,Luis Velody,6200000.0,3300000.0,45990000.0,,130000.0
yoshi30244781481,„Å´„Å£„Åó„Éº,3900000.0,4000000.0,40960000.0,120000.0,
the_joe_gatto,joe_gatto,6500000.0,2900000.0,24770000.0,140000.0,320000.0
frankielapenna,Frankie LaPenna,1800000.0,4900000.0,41170000.0,,
.diana__tc,Diana TC,2900000.0,3200000.0,34870000.0,190000.0,110000.00000000001
matsudake,M2DK/„Éû„ÉÑ„ÉÄÂÆ∂„ÅÆÊó•Â∏∏,4700000.0,8100000.0,19980000.0,120000.0,
anokhinalz,–ênokhina Liza,35600000.0,2800000.0,37400000.0,280000.0,
mranto,Anto Garcia,8199999.999999999,6500000.0,27470000.0,130000.0,
iheartmemphis,iHeartMemphisüî•,12500000.0,4300000.0,26020000.0,229999.99999999997,
sobrevivente13,Edelson Ribeiro,4099999.9999999995,2200000.0,18830000.0,170000.0,620000.0
pam_a_cake,Pam,4099999.9999999995,3500000.0,48740000.0,160000.0,
ardkth,ùêäùê¢ùê¶ ùêÄùêëùêù,1300000.0,1100000.0,35040000.0,200000.0,650000.0
cemresolmaz,cemre solmaz,10200000.0,2200000.0,18090000.0,720000.0,
philipdefranco,Philip DeFranco,1900000.0,2500000.0,31920000.0,280000.0,130000.0
otakoyakisoba,otakoyakisoba,14100000.0,2800000.0,27880000.0,180000.0,229999.99999999997
freeritzyralph,Ritzyralph,1400000.0,1500000.0,37540000.0,330000.0,240000.0
jhothsa,jhothsa,12300000.0,1700000.0,22470000.0,170000.0,670000.0
icebox,icebox,6200000.0,3000000.0,27720000.0,330000.0,
tatiana1964_2,–¢–∞—Ç—å—è–Ω–∞,3100000.0,1700000.0,1240000.0,,15180000.000000002
nmixx_official,NMIXX,1100000.0,1600000.0,31850000.0,420000.0,210000.0
bmbsh7,ÿ®ŸÖÿ®ÿ¥ ÿßŸÑÿ≥ŸäÿØ‚ô¶Ô∏èbimbsh‚ô¶Ô∏è,3800000.0,1800000.0,28950000.0,380000.0,229999.99999999997
jackjos3ph,Jack Joseph,2400000.0,1400000.0,24630000.0,350000.0,570000.0
bikedasher,Patrick,2200000.0,3300000.0,37040000.0,220000.00000000003,
benjikrol,Benji Krol,30300000.0,2400000.0,33890000.0,340000.0,
djmariio,DjMaRiiO,98380000.0,2200000.0,32920000.0,130000.0,300000.0
reeh__augusto,Reeh Augusto,3700000.0,2100000.0,37180000.0,250000.0,160000.0
onlyjayus,Bella Avila,17600000.0,2300000.0,34470000.0,260000.0,130000.0
sabrinacarpenter,Sabrina Carpenter,12000000.0,2200000.0,29880000.0,280000.0,190000.0
barbaracoura,B√°rbara Coura,8000000.0,2400000.0,38430000.0,220000.00000000003,120000.0
ngikuttrendaja,Ahmad Rizki,19280000.0,3700000.0,30450000.0,150000.0,120000.0
rayssabuq,Rayssa Buq,5400000.0,1800000.0,32680000.0,260000.0,260000.0
olisboa,LISBOA,61200000.0,3000000.0,50500000.0,,110000.00000000001
mimiermakeup,Mirta Miler,14500000.0,2700000.0,44860000.0,220000.00000000003,
verycooll_real,Very Cool,1400000.0,3100000.0,23450000.0,130000.0,300000.0
just.hamilton,Just Hamilton,2300000.0,1700000.0,27160000.000000004,290000.0,390000.0
michou_yt,Michou,6700000.0,3600000.0,25639999.999999996,280000.0,
gregisms,Gregisms‚Äô Neighborhood,2200000.0,97550000.0,16800000.0,670000.0,1160000.0
butt.erhand,Lucie,17640000.0,2200000.0,20150000.0,,620000.0
gbandme,GB and ME,5700000.0,1600000.0,25010000.0,480000.0,270000.0
fransfaisal_real,frans faisal,27289999.999999996,2500000.0,27880000.0,330000.0,
officialjellyroll,Jelly Roll,2400000.0,2300000.0,29080000.0,260000.0,180000.0
lossiblings_,Lossiblingsüç≠,23600000.0,2800000.0,39690000.0,180000.0,
davidgetial,deivis,13300000.0,3200000.0,43940000.0,180000.0,
zodiac.boyfriend,Zodiac Boyfriendü™êüîÆ,1600000.0,1600000.0,21970000.0,360000.0,470000.0
michellerenaud,Michelle Renaud,2300000.0,4200000.0,35780000.0,110000.00000000001,
kelvin__silvaa,Kelvin__silvaaa,3400000.0,2000000.0,16360000.0,110000.00000000001,770000.0
user4350486101671,user4350486101671,16200000.0,1600000.0,30230000.0,470000.0,130000.0
jeison_giraldo,JeisonGiraldo,24600000.0,3400000.0,42650000.0,170000.0,
chrisdelia,ChrisDElia,1700000.0,1800000.0,26850000.0,,550000.0
lightskinkeisha,LightSkinKeisha,1900000.0,2000000.0,30320000.0,120000.0,350000.0
larasilvan,Tik Toker,15900000.0,1800000.0,35130000.0,340000.0,110000.00000000001
la_lerma,LERMITA,11600000.0,2700000.0,35430000.0,120000.0,180000.0
duolingo,Duolingo,3400000.0,1500000.0,28110000.000000004,450000.0,229999.99999999997
danythegaggio,Daniele Cabras,2700000.0,1400000.0,21420000.0,170000.0,780000.0
dari_wadha_home,Dari_wadha_home,1400000.0,2900000.0,18210000.0,240000.0,290000.0
pkllipe,Pk,16500000.0,2200000.0,38390000.0,160000.0,180000.0
aloserishere_,ùôáùô§ùô®ùôöùôß.,15940000.0,1100000.0,16550000.0,660000.0,880000.0000000001
olivertree,Oliver Tree,12500000.0,3000000.0,32410000.000000004,180000.0,110000.00000000001
lonely.moods,:),35450000.0,81550000.0,21400000.0,540000.0,1060000.0
jessnolimit999,Jess No Limit,5300000.0,2700000.0,26470000.0,310000.0,
sooshimango,Sooshi Mango,48340000.0,1100000.0,10070000.0,350000.0,2170000.0
spider_slack,spider_slack,31600000.0,2600000.0,31430000.0,170000.0,170000.0
realmadrid,Real Madrid C.F.,11700000.0,2100000.0,30050000.0,300000.0,150000.0
leanadeeb,Leana Deeb,4200000.0,2600000.0,42690000.0,100000.0,150000.0
jonathanbecerraoficial,Jonathan Becerra,1200000.0,2300000.0,17340000.0,150000.0,550000.0
officialturk,Officialturk,2610000.0,1100000.0,23700000.0,750000.0,340000.0
isabuenox,Isabelle Bueno,2800000.0,1900000.0,41040000.0,250000.0,100000.0
peachypollo,Emillee,1400000.0,2300000.0,48060000.0,,170000.0
monabouchon_,Monabouchon,13910000.0,1500000.0,12760000.0,,1370000.0
monabouchon_,Monabouchon,13910000.0,1500000.0,12760000.0,,1370000.0
reymbayang,Rey,3300000.0,2300000.0,27330000.0,190000.0,240000.0
noahbeck,noah beck,32799999.999999996,2900000.0,34270000.0,229999.99999999997,
limaunipisofficial,limaunipisofficial,60260000.0,1500000.0,10770000.0,130000.0,1540000.0
therealhammytv,TheRealHammyTV,13300000.0,3700000.0,15650000.0,,380000.0
matheusevitoriaofc,Matheus e Vitoria,6900000.0,2000000.0,31789999.999999996,220000.00000000003,200000.0
7iprast,ùó∂ùó°ùó¶ùó¢ùó†,3600000.0,1700000.0,16350000.0,110000.00000000001,860000.0
oli_natu,Oli Natu,7900000.0,2900000.0,40830000.0,120000.0,110000.00000000001
sebbylaz,Seb Laz,4099999.9999999995,1800000.0,23860000.0,550000.0,
r___.89,ùëÄùëñùë†ùë°ùëíùëü ùëÖùëíùëíùëöùëé üòæ‚ú®.,3500000.0,1800000.0,29980000.0,380000.0,130000.0
anwar,Anwar Jibawi,11700000.0,2500000.0,27589999.999999996,130000.0,250000.0
blake.snider,Blake Snider,459999.99999999994,2800000.0,15069999.999999998,,550000.0
alejwho,Alejandro,98350000.0,1500000.0,27910000.000000004,250000.0,409999.99999999994
anitta,Anitta,17200000.0,3800000.0,26339999.999999996,160000.0,100000.0
tangychu,–¢–∞–Ω–≥–∏ —à—Ç–æ–ª–µ,2089999.9999999998,1300000.0,25939999.999999996,210000.0,570000.0
newt,newt,9400000.0,2300000.0,37850000.0,140000.0,160000.0
brookemonk_,Brooke Monk,19000000.0,2700000.0,33960000.0,200000.0,
psg,psg,25300000.0,2700000.0,31920000.0,220000.00000000003,
roy.0fficial,Roy.official,29080000.0,1200000.0,10840000.0,,1960000.0000000002
nicollefigueroaa,Nicolle Figueroa,9600000.0,2500000.0,34300000.0,250000.0,
ucgj7,‚òùÔ∏è–ë–∏–ø–æ–ª—è—Ä–æ—á–∫–∞üëÜ,1500000.0,1800000.0,17980000.0,620000.0,180000.0
startup.mp4,startup.mp4,9800000.0,94430000.0,24660000.0,470000.0,640000.0
beca,Rebeca Barreto,21900000.0,2300000.0,29770000.0,300000.0,
glebpiano,–ì–ª–µ–± –ü—å—è–Ω—ã—Ö,45730000.0,3000000.0,7500000.0,310000.0,840000.0
emilyfauver,emily&ella,3300000.0,2500000.0,37790000.0,130000.0,150000.0
mikaylanogueira,Mikayla Nogueira,11200000.0,2200000.0,32380000.0,300000.0,
ivanovik.83,ivanovik.1983,17270000.0,2300000.0,9150000.0,110000.00000000001,1110000.0
francis.bourgeois,Francis Bourgeois,2300000.0,2000000.0,19300000.0,160000.0,500000.0
kaan.etm,Kaan,2600000.0,2000000.0,35840000.0,280000.0,
ramonvitor,ramonvitor,2200000.0,1800000.0,39790000.0,250000.0,110000.00000000001
imreddtv,REDD,88310000.0,3200000.0,19080000.0,120000.0,310000.0
scarlettsspam2,scarlett,1100000.0,2200000.0,20470000.0,450000.0,120000.0
siscakohl,Sisca Kohl,10400000.0,2600000.0,30650000.0,220000.00000000003,
_andrewcurtiss,Andrew Curtis,2400000.0,1300000.0,27400000.0,480000.0,250000.0
_xndirizlky_,_xndi rizlky_,1150000.0,3700000.0,16650000.0,220000.00000000003,180000.0
kingmajesty_princessrose,Nelson and Rose,15500000.0,1600000.0,10960000.0,130000.0,1300000.0
serchexmx,Serchex,12310000.0,1400000.0,26500000.0,290000.0,370000.0
hoaminzy_hoadambut,Ho√† Minzy,4000000.0,3200000.0,34500000.0,180000.0,
samsung_guy,Callum,11750000.0,1800000.0,23720000.0,490000.00000000006,
arbooks__,Arbooks,39210000.0,2100000.0,22380000.0,260000.0,260000.0
eduincaz5,Eduin Caz,5200000.0,2800000.0,27870000.0,120000.0,190000.0
agigigrigio,Giovanna Grigio,2000000.0,3600000.0,32500000.0,170000.0,
kienreview90,Kien Review,9800000.0,4500000.0,25410000.0,130000.0,
kallmewhateveryouwant,kallmewhateveryouwant,10900000.0,1800000.0,34230000.0,320000.0,
kopke613,kopke613,3600000.0,1100000.0,14180000.000000002,220000.00000000003,1320000.0
colewherld,colegonzales,4900000.0,2100000.0,29720000.0,,320000.0
zloinvfx,Stanislav Anisimov,13580000.000000002,3300000.0,17260000.0,,330000.0
yordy_yor,Yordy_Yor,1200000.0,3800000.0,14619999.999999998,370000.0,
countingshleeps,blake,2100000.0,1700000.0,26560000.000000004,280000.0,260000.0
jasminechiswell,Jasmine Chiswell,15200000.0,3400000.0,40440000.0,150000.0,
fjerry,FJerry,3000000.0,1400000.0,10950000.0,300000.0,1260000.0
roportajadam,Mahsun Karaca,93010000.0,2700000.0,15700000.0,,509999.99999999994
outtpig,Cameron Perez,1600000.0,1500000.0,35020000.0,220000.00000000003,229999.99999999997
qpark,Q Park,30200000.0,3200000.0,21600000.0,160000.0,180000.0
andcarli,Anderson Carli,6000000.0,4400000.0,23400000.0,180000.0,
mitzakoff,lucasmitzakoff,1900000.0,1300000.0,27030000.0,240000.0,420000.0
itsjojosiwa,JoJo Siwa,40700000.0,3000000.0,37020000.0,170000.0,
good.boy.ollie,Good Boy Ollie,2800000.0,2100000.0,34430000.0,110000.00000000001,210000.0
alaa.ayyman,ALaa Ayman,8199999.999999999,3700000.0,36460000.0,,
jj_olatunji4,üá¨üáßüá¨üáßüá¨üáß,1600000.0,2300000.0,33460000.000000004,,240000.0
leaelui,Lea Elui,17000000.0,2800000.0,37590000.0,110000.00000000001,120000.0
innkastar,Innkastar,11600000.0,2600000.0,19350000.0,400000.0,
anilinom,anilinom,11800000.0,10600000.0,13680000.000000002,,120000.0
mileshampton,WilsonsHouse,14030000.000000002,1300000.0,29930000.0,240000.0,350000.0
mastercorbuzier,Deddy Corbuzier,2100000.0,3000000.0,21560000.0,280000.0,
djraulitooficial,Dj Raulito,60529999.99999999,3300000.0,16700000.0,,350000.0
brandonspam_,Brandon Conner,7300000.0,2200000.0,28170000.0,320000.0,
paulaverhoeven,Paula Verhoeven,99750000.0,4900000.0,23270000.0,110000.00000000001,
madisonpettis,Madison Pettis,2600000.0,2900000.0,49350000.0,100000.0,
arianagrande,arianagrande,26600000.0,1400000.0,33389999.999999996,390000.0,
vekalife24,vekalife,2400000.0,1500000.0,11620000.0,,1260000.0
westbrouck,Mattie,8600000.0,1900000.0,42310000.0,220000.00000000003,
the.big.mike,The Big Mike,7150000.0,1500000.0,17680000.0,420000.0,400000.0
.mats.ftl,‚ù§Ô∏è‚Äçüî•–õ—ë—à–∞ –ú—ç—Ç—Å‚ù§Ô∏è‚Äçüî•,670000.0,1700000.0,21020000.0,170000.0,459999.99999999994
bilalfadilii,Bilal Fadili,95840000.0,1800000.0,21040000.0,229999.99999999997,370000.0
jaydafnwayda,JAYDA WAYDA,3200000.0,2200000.0,33339999.999999996,120000.0,190000.0
vzelivx,vzelivx,73130000.0,2100000.0,27120000.0,260000.0,130000.0
benoit_chevalier,Beno√Æt Chevalier,8700000.0,1700000.0,18090000.0,310000.0,420000.0
ninogashi,NinoGashi,1300000.0,1800000.0,17970000.0,320000.0,370000.0
twice_tiktok_official,TWICE,13900000.0,1200000.0,22380000.0,650000.0,180000.0
beniju03,BENIJU,2200000.0,1600000.0,30480000.0,380000.0,
chourouk.model_official,Chourouk_model_official,4400000.0,3200000.0,27050000.0,,170000.0
shabiraalulaadnan,Shabiraalula&Ayah,5100000.0,3200000.0,25639999.999999996,150000.0,120000.0
ryskalamarcysia,ryskalamarcysia,1800000.0,3100000.0,36090000.0,160000.0,
namyulenka,Namy,6000000.0,2000000.0,36620000.0,210000.0,
tu.terapeuta.en.tiktok,Leandro Olszanski,1600000.0,1600000.0,32850000.0,190000.0,229999.99999999997
devincaherly,Devin Caherly,6900000.0,3600000.0,40660000.0,130000.0,
itsmatheuscosta,Matheus Costa,4300000.0,2100000.0,23530000.0,170000.0,280000.0
virguleanimaleshow,VirguleAnimaleShow,85000000.0,1200000.0,19080000.0,180000.0,770000.0
vtkh2004,V≈© Th·ªã Kh√°nh Huy·ªÅn,7700000.0,2600000.0,32139999.999999996,200000.0,
mateuspesce,Pesce,5700000.0,1700000.0,25490000.0,200000.0,300000.0
how.kev.eats,how.kev.eats,1800000.0,2500000.0,32300000.0,180000.0,
zubarefff,–ó—É–±–∞—Ä–µ–≤ –ê–ª–µ–∫—Å–∞–Ω–¥—Ä,2900000.0,2000000.0,30010000.000000004,170000.0,190000.0
vancityreynolds,Ryan Reynolds,19700000.0,2300000.0,28280000.0,160000.0,170000.0
clecolucci,Cl√© Colucci,2900000.0,93510000.0,16500000.0,940000.0,450000.0
mr.v1bez,MR.VIBEZ,85300000.0,1400000.0,36420000.0,190000.0,229999.99999999997
nosoychaparro,Luis Chaparro,2800000.0,2100000.0,36030000.0,250000.0,
lilyxgarcia,Lily Garcia,8900000.0,1800000.0,41820000.0,190000.0,
juanpazurita,Juanpa Zurita,12800000.0,3300000.0,39770000.0,,
juandaniel.ibarra,Daniel Ibarra,26600000.0,3300000.0,35370000.0,140000.0,
juandaniel.ibarra,Daniel Ibarra,26600000.0,3300000.0,35370000.0,140000.0,
maddiebools,Maddie,5290000.0,1700000.0,9960000.0,360000.0,890000.0
abir.sag,Abir e sag,11000000.0,2500000.0,17690000.0,290000.0,170000.0
lexychaplin,Lexy,3000000.0,2000000.0,30820000.0,270000.0,
mich_gzl,Michelle Gonz√°lez,53829999.99999999,3100000.0,22060000.0,,220000.00000000003
more.annapaul,More Anna,1500000.0,2700000.0,44780000.0,130000.0,
ktlynraps,Ktlyn,1900000.0,2100000.0,22670000.0,200000.0,229999.99999999997
yano4kaa.aaa,Yano4kaa.aa,3000000.0,1700000.0,26710000.000000004,220000.00000000003,229999.99999999997
baga..genius,–ú–æ–ª–æ–¥–æ–π –ì–µ–Ω–∏–π,72160000.0,1900000.0,27970000.0,170000.0,220000.00000000003
lelepons,Lele Pons,26800000.0,2200000.0,30739999.999999996,190000.0,110000.00000000001
n.vv3,ŸÜÿßÿµÿ± || üá∏üá¶ alsubaie ..,1900000.0,3300000.0,15800000.0,320000.0,
flakeysalt,Joshua weissman,6200000.0,2500000.0,35290000.0,,160000.0
kikakiim,Kika Kim,29500000.0,2200000.0,29600000.0,220000.00000000003,
emilymariko,Emily Mariko,10100000.0,3000000.0,32170000.0,130000.0,
milos.guzel,Milos,4800000.0,1900000.0,42550000.0,170000.0,
hashbrotatoes,H&SH Brotatoes,39010000.0,2200000.0,34260000.0,140000.0,130000.0
diana_aster,üíó DIANA ASTER üíó,10400000.0,2700000.0,33740000.0,180000.0,
gabrielabee,GABI BEE,9300000.0,1200000.0,24800000.0,550000.0,120000.0
igorjansen,igorjansen,10600000.0,2200000.0,27570000.0,240000.0,
ifluent,iFluent,2800000.0,1600000.0,17450000.0,400000.0,310000.0
mateus_hwang,Mateus Hwang,1900000.0,2100000.0,13960000.0,570000.0,120000.0
taimmm8,888,1000000.0,2000000.0,31880000.0,150000.0,160000.0
mandrake1984real,Giuseppe Mandrake Ninno,88380000.0,1400000.0,18040000.0,,700000.0
lisav_,–Ω—É –ª–∏–∑,1900000.0,1900000.0,37070000.0,130000.0,140000.0
chadio,Chad Epps ü¶í,6900000.0,1500000.0,24040000.0,360000.0,170000.0
rachyohumlek,‡∏£‡∏±‡∏ä‡πÇ‡∏¢‡∏ï‡∏±‡∏ß‡∏õ‡∏•‡∏≠‡∏°‡∏ô‡∏≠‡∏Å‡∏ô‡∏±‡πâ‡∏ô‡∏à‡∏£‡∏¥‡∏á‡∏´‡∏°‡∏î,1600000.0,4099999.9999999995,34970000.0,,
aiki_kr,ÏïÑÏù¥ÌÇ§ Aiki,1800000.0,1700000.0,36320000.0,200000.0,110000.00000000001
itsmenicksmithy,Nick Smithyman ü§ì,6400000.0,1500000.0,26500000.0,310000.0,190000.0
alexiatamiraa,üçìAlexia Tamiraüçì,7500000.0,2300000.0,31200000.0,220000.00000000003,
v1ctoryuh3.0,sexy lady,1600000.0,1600000.0,30310000.000000004,170000.0,220000.00000000003
taavmaki,Taav,68690000.0,1300000.0,21720000.0,270000.0,400000.0
esnyrdump,esnyrdump,60379999.99999999,1800000.0,27160000.000000004,220000.00000000003,190000.0
andersonprofetaa,Anderson Profeta,2500000.0,1200000.0,15169999.999999998,220000.00000000003,819999.9999999999
jason.nms,Jayway,65260000.0,1500000.0,25490000.0,240000.0,250000.0
cassholland,Cassie Holland,1500000.0,2000000.0,38190000.0,150000.0,
pokrov,–ê–ù–Ø –ü–û–ö–†–û–íü•ë,16300000.0,2200000.0,28760000.000000004,210000.0,
rhyadmuslim,Rhyad ‚òùÔ∏è,34400000.0,1000000.0,22220000.0,240000.0,580000.0
bretmanrock,bretmanrock,14000000.0,2600000.0,36180000.0,150000.0,
alvesdudas,mari√™,85570000.0,1400000.0,34990000.0,210000.0,180000.0
monika.kociolek,Monika Kocio≈Çek,2600000.0,1200000.0,19680000.0,660000.0,130000.0
sanae33359,San AE,1700000.0,2700000.0,22410000.0,120000.0,190000.0
iben_ma,Iben M.A.,5600000.0,2500000.0,19180000.0,350000.0,
fes.ti_,festi,1200000.0,1200000.0,26410000.000000004,360000.0,229999.99999999997
imanthonyvargas,Anthony Vargas,6500000.0,1900000.0,34140000.0,260000.0,
wicsur,‚ô•Ô∏è–ë–ò–°–ö–ê–°‚ô•Ô∏è,7000000.0,1600000.0,12650000.0,890000.0,
sxmplyni,Simply Niüå±,1600000.0,2600000.0,24880000.0,140000.0,140000.0
itsqcp,QCP,9400000.0,2500000.0,37130000.0,110000.00000000001,
ssanwhere,hassan,36940000.0,1300000.0,23780000.0,310000.0,310000.0
lizzebethmuaa,Lizzebethmuaa,3600000.0,3600000.0,35710000.0,,
crispy,Crispy Concords,1200000.0,2900000.0,40000000.0,,
blythe,Andrea Brillantes,17300000.0,2300000.0,38250000.0,120000.0,
kmiloop,Kmilooo,79690000.0,1200000.0,22820000.0,130000.0,560000.0
ilhamputrayuda,Ilham Yuda,1600000.0,2800000.0,32630000.0,120000.0,
anyaischuk,Anya Ischuk,10500000.0,2700000.0,31720000.0,180000.0,
diegodiego_,Diego Cruz,7200000.0,2100000.0,25850000.0,180000.0,160000.0
winnermaxyt,WinnerMax,1800000.0,2500000.0,22020000.0,,229999.99999999997
rafaelsantos,Rafael Santos,16700000.0,1800000.0,28970000.0,270000.0,
lkzinhu,LK,14300000.0,2400000.0,34690000.0,120000.0,
mercuri_88,Manuel Mercuri,19000000.0,2700000.0,23870000.0,160000.0,120000.0
saxcy,saxcy,74720000.0,2600000.0,27150000.0,130000.0,130000.0
mdmotivator,Zachery Dereniowski,6200000.0,2500000.0,35710000.0,140000.0,
c.tangana,C. Tangana,37210000.0,4400000.0,20030000.0,,130000.0
nuhchez,Nuhchez,5700000.0,1700000.0,24850000.0,200000.0,220000.00000000003
mieayamthebstt,Unaaüçú,13000000.0,2400000.0,26470000.0,200000.0,
ayutingting,Ayu Ting Ting,5800000.0,2400000.0,17640000.0,210000.0,210000.0
yailinlamasviraloficial_,Yailin La M√°s Viral,2800000.0,2500000.0,21000000.0,300000.0,
sehataqua,SehatAQUA,24930000.0,23300000.0,6740000.000000001,,
jordanemel,Jordan e Mel,8700000.0,2400000.0,18360000.0,100000.0,300000.0
gingerbilly1,GingerBilly1,5700000.0,1100000.0,16369999.999999998,,869999.9999999999
samkamusic,INSTASAMKA,12400000.0,1800000.0,22790000.0,270000.0,150000.0
jaxwritessongs,Jax,8300000.000000001,1900000.0,22010000.0,280000.0,150000.0
sthefane.matos,Sthefane Matos,5100000.0,3200000.0,26170000.0,140000.0,
son0_0,ÏÜêÏÉàÎ≤Ω,2700000.0,3900000.0,21680000.0,150000.0,
flickerspark_,flickerspark_,1200000.0,1700000.0,44670000.0,120000.0,110000.00000000001
kostyxd,Sergi Cabrer,2100000.0,2100000.0,29089999.999999996,170000.0,110000.00000000001
mahalinzi,Mahalini Raharja,65550000.0,2700000.0,25190000.0,160000.0,
jesusangelperezoficial,üö® ESE P√âREZ üö®,3500000.0,1700000.0,18650000.0,,459999.99999999994
tarankaaa,Dasha Taran,8000000.0,1700000.0,28339999.999999996,240000.0,100000.0
its.michhh,Michel Chavez,28600000.0,2200000.0,34040000.0,190000.0,
aileenchristineee,Aileenchristineee,5600000.0,1700000.0,31000000.0,110000.00000000001,210000.0
mads.yo,Madison,12700000.0,3100000.0,32289999.999999996,,
itstalasafwan,ÿ™ÿßŸÑÿß ÿµŸÅŸàÿßŸÜ | Tala Safwanüåµüë∏üèΩ,3700000.0,2100000.0,13819999.999999998,520000.0,
karenos11,ùêäùêöùê´ùêûùêß ùêéùê¨,6100000.0,2000000.0,36720000.0,200000.0,
jojohfsex,fullhyp3,1600000.0,1400000.0,26210000.000000004,270000.0,180000.0
nansartt,nansartt,1300000.0,2100000.0,42270000.0,140000.0,
aviranisha,Avira Nisha,3600000.0,2500000.0,31060000.000000004,180000.0,
03emergenxy,meyes not mayes,43250000.0,3400000.0,21590000.0,170000.0,
nuun____,Nuun üçÇ,27180000.0,65160000.0,11810000.0,150000.0,2000000.0
iloveyourmomscatt,,819999.9999999999,1300000.0,15930000.000000002,490000.00000000006,330000.0
thongsoaicavip,Th√¥ng So√°i Ca,1600000.0,2700000.0,17200000.0,260000.0,
ivanantoniochacon,Tik Toker,7200000.0,1300000.0,46160000.0,190000.0,
jhekhoos,Jecus Andrei,3800000.0,1900000.0,23590000.0,130000.0,240000.0
kimpeeee,Kim Lajara,5800000.0,3400000.0,29850000.0,,110000.00000000001
birdsarentreal,Birds Aren‚Äôt Real,85280000.0,1500000.0,26350000.0,240000.0,180000.0
markoterzo,M A R K O,2500000.0,1800000.0,16870000.0,420000.0,120000.0
nnatalieaguilar,natalie & the aguilars,4200000.0,2800000.0,37360000.0,,
halinhofficial,Ha Linh Official,1000000.0,2600000.0,18730000.0,280000.0,
sosiadoneymar,Eigon Oliver,6000000.0,2500000.0,17990000.0,180000.0,180000.0
saadradio,Saad,1700000.0,3400000.0,26020000.0,120000.0,
leleburnier,LEL√ä BURNIER,1400000.0,1400000.0,32600000.0,270000.0,
thelandofboggs,The Land Of Boggs,5200000.0,2600000.0,36770000.0,,
yuna1_27,üêöYuna_Ïú†ÎÇòü§ç,2200000.0,1600000.0,29100000.0,140000.0,200000.0
abaas_majid_,ÿπÿ®ÿßÿ≥ ŸÖÿßÿ¨ÿØ,2000000.0,2100000.0,20690000.0,220000.00000000003,150000.0
muhammetalisarii,Muhammet Ali Sarƒ±,26410000.000000004,2900000.0,12840000.0,140000.0,300000.0
theluciole,Luciole,95500000.0,1700000.0,39520000.0,200000.0,
dafaatmja,Dafaatmja,9900000.0,2000000.0,16260000.0,409999.99999999994,
pushistyk,VL,1330000.0,1900000.0,27220000.0,160000.0,160000.0
juliano,julianofloss,6700000.0,2100000.0,30670000.0,160000.0,
nicholas_crown,Nicholas Crown,1600000.0,2900000.0,49050000.0,,
oipedrodaher,Pedro Daher,3100000.0,1100000.0,20660000.0,180000.0,509999.99999999994
jimena.jimenezr,Jimena,22800000.0,1700000.0,31170000.0,100000.0,200000.0
mellacarli,Mella Carli,1700000.0,1400000.0,22050000.0,210000.0,300000.0
viktoriya__bars,Viktoriya Bars,13969999.999999998,1300000.0,5660000.0,220000.00000000003,1939999.9999999998
missmarymmouser,missmarymmouser,2900000.0,1900000.0,25550000.0,270000.0,
coleandersonj,Cole Anderson James,1500000.0,1600000.0,28050000.0,120000.0,229999.99999999997
pumbacaracal,PumbaCaracal,3500000.0,2100000.0,13090000.0,330000.0,260000.0
the_green_car,The Green Car,16880000.0,4300000.0,33980000.0,,
providingforthecommunity,Russel Cameron,31360000.000000004,1600000.0,11460000.0,550000.0,340000.0
hannahstocking,Hannah Stocking,25900000.0,3000000.0,33840000.0,,
pk.99999,PHUKLA,1200000.0,1500000.0,28820000.0,170000.0,190000.0
lilchefmil,Milan Bhayana,86110000.0,3000000.0,50110000.0,,
jeremylynch,JeremyLynch,18600000.0,1700000.0,24800000.0,260000.0,120000.0
ph1lzatiktok,Ph1LzA,2200000.0,98050000.0,30920000.0,400000.0,110000.00000000001
jack_papho69,‡πÅ‡∏à‡πá‡∏Å ‡πÅ‡∏õ‡∏õ‡πÇ‡∏Æ,6300000.0,2800000.0,34410000.0,,
cesarpantoja.n,Cesar Pantoja,12400000.0,2000000.0,30539999.999999996,220000.00000000003,
yajanaaa,Yajana Cano,5000000.0,1500000.0,25530000.0,,330000.0
dilaraaduman,Dilara Duman,1900000.0,3400000.0,17580000.0,,200000.0
justinbieber,Justin Bieber,23600000.0,1700000.0,19750000.0,320000.0,140000.0
lukedonkin,Luke Donkin,2300000.0,1500000.0,19900000.0,290000.0,229999.99999999997
alexxxxan,–∫–æ—Ç–∏–∫,1700000.0,1700000.0,30750000.0,,210000.0
monsieurpof,Monsieur Pof,2800000.0,1700000.0,34060000.0,180000.0,
dennnyn,DENII,3300000.0,1000000.0,13640000.0,,1050000.0
lauratheux,Laura Theux,20830000.0,3500000.0,23470000.0,,100000.0
com.hyuga1117,„Äê„Ç≥„É†„Éâ„ÉÉ„Éà„Äë „Å≤„ÇÖ„ÅÜ„Åå,99550000.0,1200000.0,19980000.0,490000.00000000006,150000.0
robegrill,Roberto Morales,10200000.0,1900000.0,20950000.0,110000.00000000001,270000.0
emoglam,–µ–º–ægla–º,1500000.0,2700000.0,30730000.0,100000.0,
luvtheflex,taryn,1400000.0,1900000.0,15690000.0,380000.0,130000.0
jombospice,JOMBOSPICE,7200000.0,2500000.0,23980000.0,190000.0,
rusuh_brooo,RUSUH BROOO,2750000.0,84060000.0,15080000.000000002,150000.0,1040000.0
shandyjuragan99,Shandyjuragan99,1100000.0,3000000.0,18350000.0,190000.0,
pjmxck,ùêÇùê°ùê¢ùê§ùêö‚Å∑,1000000.0,73870000.0,26320000.0,270000.0,500000.0
kamashrafi,kamran,4820000.0,1200000.0,23160000.0,260000.0,280000.0
najihmumtaz,Najih Mumtaz945,68230000.0,1600000.0,9390000.0,450000.0,550000.0
chelseahartisme,Chelsea Hart,1500000.0,3500000.0,13890000.0,,310000.0
gheayoubi08,Gheayoubi,7900000.0,3200000.0,17110000.0,120000.0,160000.0
annaxsitar,anna x,11600000.0,3000000.0,46120000.0,,
y.i.m_,–û—Ç–±–æ—Ä–Ω—ã–π —é–º–æ—Ä –∏ –∫–æ–º–µ–¥–∏—è üé≠,17750000.0,1400000.0,12130000.0,120000.0,770000.0
matsu_kusarine,„É©„Éñ„Éû„ÉÑ (LOVEMATSU),56390000.0,2900000.0,18640000.0,180000.0,100000.0
beinsports,beINSPORTS,1200000.0,1700000.0,21380000.0,220000.00000000003,190000.0
_mister_z,Marco Zedda,4500000.0,1600000.0,27220000.0,240000.0,
.shuberrr,–º–∞–∫—Å–æ–Ω—á–∏q,580000.0,2000000.0,15269999.999999998,210000.0,280000.0
maharanikemala,maharanikemala,3200000.0,2500000.0,15619999.999999998,180000.0,200000.0
analisseworld,Analisseworld,9900000.0,2100000.0,32889999.999999996,,120000.0
jairsanchezzz,Jair Sanchez,6200000.0,1300000.0,22690000.0,180000.0,350000.0
machikayt,MachikaYT,12000000.0,1900000.0,29110000.000000004,220000.00000000003,
michaelrendyw,Michael Rendy W,4600000.0,3900000.0,29360000.000000004,,
dobretwins,Lucas and Marcus,35200000.0,1800000.0,22140000.0,330000.0,
swagboyq,SwagBoyQ on IG,23400000.0,3000000.0,21660000.0,140000.0,
xoomid,Xoomid,819999.9999999999,1100000.0,13530000.000000002,420000.0,570000.0
_nch04,ùêçùê†ùêÆùê≤ùêûÃÇÃÉùêß ùêáùêöÃâùê¢,4800000.0,2500000.0,20910000.0,140000.0,140000.0
davidgalvanv,David Galv√°n,3900000.0,2600000.0,24420000.0,150000.0,
usernamepuntaktahu,CEO OF SEKOLAH,58770000.00000001,2200000.0,29330000.0,170000.0,
primkung007,PRIMKUNG,2100000.0,1400000.0,25989999.999999996,350000.0,
isabelgiannuzzi,Isabel,1100000.0,3500000.0,29810000.000000004,120000.0,
baileyspinn,bailey,11100000.0,2300000.0,29610000.000000004,200000.0,
summerwalker,Summer Walker,1600000.0,1100000.0,19920000.0,330000.0,330000.0
huynh_quang_6767,Hu·ª≥nh Quang - B·∫£o Ng·ªçc,45760000.0,2100000.0,18560000.0,340000.0,
bs_fo4eek,Fo4eek,3690000.0,1900000.0,15880000.000000002,260000.0,210000.0
carloandsarah,,3300000.0,2400000.0,18840000.0,120000.0,190000.0
nadaakkhaledd,Nada khaled,2700000.0,2100000.0,27589999.999999996,130000.0,110000.00000000001
ups,UPS,9260000.0,1200000.0,13669999.999999998,220000.00000000003,630000.0
ninja,Ninja,8300000.000000001,2300000.0,21620000.0,160000.0,140000.0
attahalilintar,Atta Halilintar,10100000.0,2600000.0,28889999.999999996,130000.0,
nam.per,Nam Per,1600000.0,2500000.0,22500000.0,150000.0,
leal_stephany,Stephany Leal,13100000.0,1700000.0,35120000.0,,160000.0
lucaslopezvilet,Lucas Lopez,2400000.0,1300000.0,19140000.0,130000.0,450000.0
vlad.hoshin,HOSHIN,11400000.0,1100000.0,25080000.0,409999.99999999994,100000.0
kauanahofem,Kau,7000000.0,1800000.0,26289999.999999996,180000.0,120000.0
xolyssarosexo,Lyssa,6010000.0,1600000.0,9260000.0,869999.9999999999,110000.00000000001
joe.bartolozzi,Joe Bartolozzi,17800000.0,1500000.0,29670000.0,280000.0,
maxkhadarr,max khadar,1300000.0,1100000.0,19760000.0,300000.0,340000.0
jacksonaces,JACKSON ACES MAGICüé©,6200000.0,1500000.0,9300000.0,300000.0,690000.0
ninjagirldraws,Dania,3600000.0,1700000.0,14710000.0,200000.0,350000.0
trien.13,TRI·ªÇN CHILL,49140000.0,1300000.0,17710000.0,390000.0,210000.0
connordewolfe,Connor DeWolfe,5300000.0,1100000.0,27600000.0,150000.0,300000.0
loupernaut,Lou PERNAUT,1300000.0,2400000.0,28070000.0,180000.0,
bxyeditss,[panyo ni irene],41940000.0,1100000.0,20250000.0,280000.0,340000.0
totochegang,Anto,1400000.0,1400000.0,27539999.999999996,140000.0,229999.99999999997
luciiasanese,lu,3010000.0,1200000.0,18690000.0,270000.0,360000.0
nickandcarrie,Nick&Carrie,5600000.0,1900000.0,29050000.0,100000.0,150000.0
juanchimy,Juan Lopez,2700000.0,1400000.0,32510000.000000004,170000.0,130000.0
bene.schulz,Bene,5700000.0,2000000.0,25460000.0,160000.0,110000.00000000001
com.amugiri2,„Äê„Ç≥„É†„Éâ„ÉÉ„Éà„Äë„ÅÇ„ÇÄ„Åé„Çä,71230000.0,1300000.0,20010000.0,380000.0,140000.0
goldwin.reyes,GOLDWIN REYES,1500000.0,2500000.0,33530000.0,,
lulu_pt,Lulu,29960000.000000004,1900000.0,22390000.0,,220000.00000000003
itskingchris,KingChristian,15300000.0,1400000.0,25860000.000000004,220000.00000000003,170000.0
fahmi.nm,Fahmi,7600000.0,2200000.0,23740000.0,180000.0,
farhanrn__,FARHAN,3800000.0,1700000.0,28189999.999999996,180000.0,100000.0
liltjay,Lil Tjay,4400000.0,1800000.0,22120000.0,270000.0,
vilmeijuga,VILMEI‚ú®,8400000.0,1700000.0,16920000.0,350000.0,110000.00000000001
faryanggaa,Ryann,4400000.0,1700000.0,27220000.0,190000.0,100000.0
gordeewa__13,–≤–µ—á–Ω–æ –∏–∑—è—â–Ω–∞—è,9500000.0,2600000.0,21450000.0,180000.0,
fadiljaidi,Fadil Jaidi,7500000.0,2500000.0,35160000.0,,
darianrojasc,D A R I A NR O J A S,29400000.0,3100000.0,44500000.0,,
ibaillanos,Ibai,8900000.0,1500000.0,26050000.0,130000.0,200000.0
tsezy,Tommy,4800000.0,2000000.0,25350000.0,190000.0,
linhkool1993,Linh Kool,4500000.0,3300000.0,33030000.0,,
rayanfahmi,Rayoon,3200000.0,2200000.0,19200000.0,210000.0,110000.00000000001
unnecessaryinventions,unnecessaryinvention,4600000.0,2200000.0,19460000.0,200000.0,110000.00000000001
basementgang,Basement Gang,5000000.0,1400000.0,27520000.0,140000.0,210000.0
bessan_esmail,ÿ®Ÿäÿ≥ÿßŸÜ ÿßÿ≥ŸÖÿßÿπŸäŸÑ - Bessan Ismail,10100000.0,1800000.0,13210000.0,420000.0,140000.0
com.yuma1214,„Äê„Ç≥„É†„Éâ„ÉÉ„Éà„Äë„ÇÜ„ÅÜ„Åæ,81270000.0,1300000.0,18830000.0,390000.0,140000.0
anggun_core,anggun‚ú®,14800000.0,3600000.0,17800000.0,130000.0,
xibibrothers,Xibi Brothers,7600000.0,1800000.0,24650000.0,,200000.0
moni_lina,MoniLina,14500000.0,7700000.0,12810000.0,,
avani,avani,40400000.0,1800000.0,23760000.0,210000.0,
haijoel,Haijoel,40950000.0,2800000.0,16769999.999999998,250000.0,
samanthayve,samantha eve,5800000.0,1300000.0,20540000.0,340000.0,140000.0
hoaa.hanassii,ƒê√†o L√™ Ph∆∞∆°ng Hoa,10800000.0,1600000.0,25530000.0,240000.0,
ryanbakery,ùôçùôÆùôñùô£ùòΩùôñùô†ùôöùôßùôÆ,1100000.0,1600000.0,17130000.0,240000.0,240000.0
djprecise,DJ Precise,3400000.0,1700000.0,18640000.0,310000.0,
jeffreestar,Jeffree Star,2200000.0,2100000.0,20840000.0,200000.0,
christiandaloii_,Christiandaloii_,2900000.0,1500000.0,19740000.0,250000.0,190000.0
abdullah_eltourky,Eltourky üëë,6700000.0,2000000.0,23570000.0,120000.0,140000.0
oironyoliveira,Kbuloso üòà,5900000.0,1300000.0,8730000.0,,1090000.0
lana_mohd89,ùë≥ùë®ùëµùë® ü¶ã,4400000.0,2100000.0,16169999.999999998,240000.0,120000.0
lyrico__, ü è Ä…™·¥Ñ·¥è,2900000.0,1100000.0,10560000.0,110000.00000000001,1010000.0
beasteater,BeastEater,18000000.0,2700000.0,24840000.0,170000.0,
nick.digiovanni,nick.digiovanni,8600000.0,2100000.0,29530000.0,120000.0,
milosramen,Jacobüá≠üá≥,1300000.0,2200000.0,27289999.999999996,140000.0,
steveharvey,Steve Harvey,9200000.0,1800000.0,17680000.0,170000.0,240000.0
ngoanhtan1,B·∫°n T·∫•n ch√∫a t·ªÉ n·ªói bu·ªìn,77760000.0,1600000.0,15310000.0,270000.0,240000.0
gemelasabello2,gemelasabello2,13200000.0,2600000.0,29320000.0,,
creatorar,Arpostt,62410000.0,1700000.0,14130000.000000002,,440000.00000000006
vanrezaputra,Elaina,32010000.000000004,1900000.0,16330000.000000002,229999.99999999997,180000.0
bestluxurycars,Bestluxurycars,300000.0,76950000.0,13690000.0,140000.0,1019999.9999999999
johaanzu,JohaanZu,3600000.0,1700000.0,32020000.0,160000.0,
nelyrall,NELYRALL,4600000.0,1100000.0,21450000.0,190000.0,350000.0
leigh_mcnasty,Leigh McClendon,2800000.0,1000000.0,15700000.0,130000.0,610000.0
xo4y_remont56,user4538340664186,8290000.000000001,2700000.0,6740000.000000001,,600000.0
sofarsabi,SOFARSABI,5500000.0,2100000.0,20840000.0,220000.00000000003,
cerolzera,CEROL,4099999.9999999995,1700000.0,18040000.0,270000.0,130000.0
animalize21,animalize21üî•,10300000.0,2000000.0,24810000.0,140000.0,100000.0
itspierreboo,Pierre,12500000.0,1900000.0,27830000.0,160000.0,
lorengray,Loren Gray,54300000.0,1800000.0,24840000.0,150000.0,120000.0
football.tonight,football.tonight,39150000.0,2000000.0,15219999.999999998,229999.99999999997,160000.0
danielmidas,danielmidas,28180000.0,1400000.0,11910000.0,160000.0,550000.0
laila_mahmoud62,ŸÑŸäŸÑŸä ŸÖÿ≠ŸÖŸàÿØ ‚ô•Ô∏è,3000000.0,3400000.0,20470000.0,,
quintongriggs,Q U I N T O N,6400000.0,1400000.0,16980000.0,330000.0,170000.0
erictro,Eric Tro,2200000.0,3700000.0,35880000.0,,
doongool,üî•Dongolüî•,3100000.0,2200000.0,25500000.0,110000.00000000001,100000.0
madozilla,mad,5700000.0,88890000.0,19440000.0,390000.0,290000.0
anxietycouple,Anxiety couple,10700000.0,2600000.0,27489999.999999996,,
nildachiaraviglio,NildaChiaraviglio,79890000.0,1300000.0,11790000.0,,700000.0
haccon.01,ùêáùêöÃ£ùêú ùêÇùê®ùêßü¶©,32510000.000000004,1900000.0,15780000.000000002,360000.0,
fukada0318,Ê∑±Áî∞„Åà„ÅÑ„Åø,4600000.0,2000000.0,15080000.000000002,260000.0,130000.0
ahmedbasyoni,Ahmed Basyoni,1200000.0,1700000.0,12590000.0,240000.0,300000.0
sinadeinert,sinadeinert,5500000.0,96770000.0,20750000.0,459999.99999999994,120000.0
austinandlexi,‚ö°Ô∏èAustin & Lexi üí•,3200000.0,1300000.0,25330000.0,150000.0,200000.0
jayrscottyy,Jordan Scott,2300000.0,90060000.0,17310000.0,370000.0,370000.0
manja_faiez,Manja,59310000.0,1500000.0,12800000.0,220000.00000000003,380000.0
moontellthat,MOONTELLTHAT,13100000.0,2300000.0,15690000.0,170000.0,160000.0
baraa.bolat,@baraabolat,1600000.0,2300000.0,14390000.0,250000.0,
yurika_aruno,Danoneüíï,2800000.0,1300000.0,20990000.0,290000.0,130000.0
360tv,ARISHA ROSS,9900000.0,2000000.0,16200000.0,300000.0,
its.__yara,its._yara,74950000.0,1100000.0,6540000.000000001,730000.0,860000.0
ava_love33,Ava Love,2700000.0,1500000.0,29950000.0,210000.0,
mohaimen.alaa,ŸÖŸáŸäŸÖŸÜ ÿπŸÑÿßÿ°,2900000.0,1200000.0,19040000.0,350000.0,150000.0
officialsalicerose,Salice Rose,18600000.0,1100000.0,20130000.0,180000.0,340000.0
hisoyvaleria,‚ûñV A L E R I A ‚ûñ,6200000.0,2700000.0,35470000.0,,
saaihalilintar,SAAIH HALILINTAR,4300000.0,3000000.0,27239999.999999996,,
pierson,Pierson,12500000.0,2000000.0,28700000.0,170000.0,
mursid241,Mursid,2200000.0,2400000.0,17910000.0,229999.99999999997,
stayc_official,STAYC,1300000.0,1600000.0,18110000.0,290000.0,100000.0
liamsilk,Liam Silk,6900000.0,89060000.0,24960000.0,260000.0,250000.0
deangerald,ùïØùñäùñÜùñì,38200000.0,1300000.0,19390000.0,,380000.0
polya_tuti,–ü–æ–ª—è —Ç—É—Çüî•üëá,2300000.0,3100000.0,25060000.0,,
trevorwallace,trevor wallace,7300000.0,1500000.0,20870000.0,,280000.0
jarvali,Jarvis,2200000.0,1200000.0,25170000.0,210000.0,160000.0
gertieinar,Gerti & Megi,2500000.0,4000000.0,16230000.000000002,,
_angelomarasigan,Angelo,48400000.0,1400000.0,20670000.0,210000.0,180000.0
lupinelakes,Lupine,8140000.000000001,1900000.0,37620000.0,,
jauncydev,jonny devaney,1500000.0,1100000.0,17200000.0,130000.0,459999.99999999994
ivoryowl,Makayla,1100000.0,1400000.0,23800000.0,180000.0,150000.0
joshrichards,Josh Richards,25600000.0,2200000.0,29780000.0,,
haga7_dayo,HAGA SEVEN/ No Warüïä,1700000.0,2800000.0,12090000.0,,229999.99999999997
itsmenicksmithy2,Nick Smithyman üòé,9800000.0,1600000.0,21700000.0,190000.0,140000.0
so_andreyy,So_Andrey,54110000.0,2200000.0,11180000.0,,400000.0
la.maraaa,LA MARA,6100000.0,95970000.0,21390000.0,509999.99999999994,
paulorgds,pauloüåª,37590000.0,1400000.0,22490000.0,130000.0,220000.00000000003
murphslife,Aaron Murphy,4700000.0,1500000.0,17340000.0,140000.0,280000.0
okthatscreepy,OkThat‚ÄôsCreepy,36680000.0,3100000.0,14430000.000000002,120000.0,130000.0
dylanpage.ning,Dylan Page,2500000.0,1200000.0,19690000.0,280000.0,190000.0
fabiola.baglieri,ùêπùëéùëèùëñùëúùëôùëé,11600000.0,2400000.0,28870000.0,130000.0,
tnt_500,‡∏ó‡∏≤‡∏à‡∏¥‡∏°‡∏≤‡∏ô‡∏∞ ‡πÄ‡∏£‡∏µ‡∏¢‡∏ß,2410000.0,1700000.0,23650000.0,120000.0,160000.0
rawanfahmii,rawan,3400000.0,1800000.0,18970000.0,170000.0,150000.0
bigcheese8581,Matt ‚ÄúBig Cheese‚Äù,760000.0,1300000.0,18730000.0,,400000.0
demin02_,–ù–∏–∫–∏—Ç–∞,1000000.0,1400000.0,22340000.0,190000.0,160000.0
charlyokei,Charlyy,3700000.0,2400000.0,30010000.000000004,,
pollyjaewebster,Polly-Jae,15840000.0,1600000.0,18880000.0,220000.00000000003,140000.0
leventgeiger,Levent Geiger,3100000.0,1200000.0,16550000.0,260000.0,290000.0
floofnoodles,Floofnoodles,17000000.0,1300000.0,15400000.0,180000.0,380000.0
stwartabdala,‚Ä¢  R A T O N C I T O üßÄüêÅ,53879999.99999999,93260000.0,7920000.0,,1360000.0
com.yuta0305,„Äê„Ç≥„É†„Éâ„ÉÉ„Éà„Äë„ÇÜ„ÅÜ„Åü,1000000.0,94910000.0,17970000.0,430000.0,200000.0
kxmzzzy,kxmz,37010000.0,2000000.0,21830000.0,,140000.0
faulox_,faulox,6800000.0,1700000.0,17240000.0,270000.0,100000.0
yourrkayesss,kayess,4800000.0,1100000.0,16900000.0,320000.0,280000.0
oliviaalpert,Olivia Alpert,5270000.0,2600000.0,13910000.0,190000.0,
brodywellmaker,Brody Wellmaker,20300000.0,1800000.0,22980000.0,130000.0,130000.0
ranierao,rani,1810000.0000000002,92990000.0,25160000.0,260000.0,190000.0
antrobo10,Anthony,54500000.0,85040000.0,12810000.0,229999.99999999997,720000.0
therealmaneskin,M√•neskin,5400000.0,1100000.0,21400000.0,290000.0,150000.0
gustavomeloof,Gustavo Melo,4600000.0,1200000.0,8680000.0,130000.0,860000.0
samsamne0,Sam Samm,70940000.0,2100000.0,18770000.0,180000.0,
bassant33,üî•bassantOfficialüî•,4500000.0,2700000.0,16219999.999999998,160000.0,
aichangemoy_,YT : AiChan TV,6600000.0,1700000.0,19120000.0,250000.0,
jaytorresss,Jay Torres,3800000.0,1800000.0,24270000.0,,160000.0
xvusex,T,2110000.0,95160000.0,19910000.0,130000.0,409999.99999999994
sibenitoo,SiBenitoo,4700000.0,2200000.0,14000000.0,170000.0,170000.0
jumpersjump,Jumpers Jump Podcast,6400000.0,2100000.0,22010000.0,170000.0,
williesalim,WILLIE SALIM,8300000.000000001,1900000.0,14819999.999999998,290000.0,
itsari.aleise,Arianna Hailey,11800000.0,1700000.0,32280000.0,160000.0,
arilbjn,Mochamad,5130000.0,1300000.0,22190000.0,,270000.0
camxnie,Cam & Nie,3200000.0,1400000.0,17390000.0,,370000.0
cristobalsoria,Crist√≥bal Soria,57200000.0,1200000.0,12020000.0,440000.00000000006,270000.0
japeth023,japeth023,55790000.0,1500000.0,19420000.0,160000.0,190000.0
venao2323,YANFRY EL TIERNOüôà,4200000.0,1500000.0,16660000.0,100000.0,300000.0
kuki_yt,Kuki_youtube,1800000.0,1500000.0,31570000.0,130000.0,
ozikoy,KOY,6900000.0,2200000.0,18640000.0,120000.0,130000.0
swaghoe666,Tik Toker,1400000.0,2100000.0,30650000.0,110000.00000000001,
robsonabreu,Robson Abreu,3200000.0,1400000.0,8200000.0,830000.0000000001,
juliagisella,Julia Gisella,10200000.0,78440000.0,18690000.0,310000.0,370000.0
andreslleal,Andr√©s Leal,2800000.0,1700000.0,9160000.0,370000.0,290000.0
gabryellurlan,Gabryell Urlan,6800000.0,1400000.0,22190000.0,120000.0,210000.0
kagramanana,kagramana,6200000.0,1200000.0,18410000.0,100000.0,350000.0
yizaroff,YIZARO,4000000.0,1400000.0,22510000.0,260000.0,
adamw,Adam W,15700000.0,1800000.0,17950000.0,110000.00000000001,190000.0
xoteam,XO Team,32100000.0,2100000.0,22290000.0,160000.0,
saydenseay,Sayden,3300000.0,93890000.0,25730000.0,160000.0,250000.0
justthenobodys,JustTheNobodys,7100000.0,1400000.0,17580000.0,220000.00000000003,180000.0
snerixx,Sam Erix,8000000.0,1900000.0,36920000.0,100000.0,
valenrewah,Valent,7500000.0,2400000.0,27260000.000000004,,
cheekyboyos,the cheeky boyos,10900000.0,1800000.0,25280000.0,130000.0,
cokodive,cokodive,18850000.0,87110000.0,17250000.0,280000.0,370000.0
_tusya_kiskis,_Tusya_kiskis,6700000.0,1400000.0,16119999.999999998,150000.0,280000.0
danaandthewolf,danaandthewolf,18730000.0,2500000.0,25250000.0,,
pakoyaso_,Pakoyaso,9500000.0,1800000.0,21610000.0,120000.0,140000.0
zhenyalavrik,–ü–µ—Ä–µ–µ–∑–¥ –≤ –¢—É—Ä—Ü–∏—é üáπüá∑,36450000.0,3200000.0,6940000.000000001,180000.0,260000.0
teukuryantr,teukuryantr,3100000.0,1700000.0,23680000.0,130000.0,110000.00000000001
jamescharles,James Charles,36100000.0,1700000.0,19160000.0,220000.00000000003,
zhenyalavrik,–ü–µ—Ä–µ–µ–∑–¥ –≤ –¢—É—Ä—Ü–∏—é üáπüá∑,36450000.0,3200000.0,6940000.000000001,180000.0,260000.0
teukuryantr,teukuryantr,3100000.0,1700000.0,23680000.0,130000.0,110000.00000000001
jamescharles,James Charles,36100000.0,1700000.0,19160000.0,220000.00000000003,
cardncyn,Carddd,1500000.0,2500000.0,27110000.000000004,,
mariahandbill,Mariah and Bill ·É¶,13900000.0,2700000.0,21780000.0,120000.0,
jamal.jamael,Karim Jamal,2600000.0,1400000.0,20340000.0,240000.0,
nastasyashinee,üáÆüá© BAGUS ISTRI üáÆüá©,4900000.0,2500000.0,15450000.0,160000.0,
riska_nurwidia,Riska Nur Widia,2600000.0,2500000.0,27680000.0,,
ermo1enko,üñ§–¢–í–û–Ø –í–ï–ß–ï–†–ò–ù–ö–êüñ§,1700000.0,1700000.0,32630000.0,,
mackenzieziegler,Mackenzie Ziegler,22100000.0,2100000.0,32550000.0,100000.0,
yarenalaca,Yaren Alaca,5400000.0,1600000.0,11920000.0,459999.99999999994,
gabrielvalland,Gabriel Valland,95820000.0,1100000.0,25789999.999999996,170000.0,170000.0
judiitharias,Judith & √Ångel üôãüèª‚Äç‚ôÄÔ∏èüôãüèΩ‚Äç‚ôÇÔ∏è,15700000.0,3100000.0,30200000.0,,
adamrayokay,ADAMRAY,6800000.0,1900000.0,21760000.0,170000.0,
ethob0t,Ethobot,53420000.00000001,2400000.0,20310000.0,130000.0,
soylapizito,lapizito,13300000.0,2100000.0,27720000.0,120000.0,
fadeewa_makeup,–§–∞–¥–µ–µ–≤–∞ü¶û,76020000.0,1300000.0,11320000.0,170000.0,459999.99999999994
rosssmith,Ross Smith,21800000.0,1400000.0,26330000.0,,170000.0
bentleybuilds,Bentley Bastian,7200000.0,3100000.0,7759999.999999999,,310000.0
edwinmendozza,ùñäùñâùñúùñéùñì,14200000.0,1800000.0,39360000.0,100000.0,
cocielo,J√∫lio Cocielo,4300000.0,1300000.0,20460000.0,150000.0,200000.0
riqqo_,Riqqo_,6600000.0,2900000.0,17030000.0,150000.0,
lgndfrvr,LGNDFRVR,15800000.0,1900000.0,24130000.0,,130000.0
jajad5,jajad5,63079999.99999999,98240000.0,26380000.0,210000.0,150000.0
cocinaconcoqui,cocinaconcoqui,2000000.0,1400000.0,27830000.0,,170000.0
rucenuenda1,Ruce Nuenda,1100000.0,1600000.0,28089999.999999996,150000.0,
thaotaotau,Ph∆∞∆°ng Th·∫£o,5100000.0,2500000.0,26789999.999999996,120000.0,
brycehall,Bryce Hall,21300000.0,2400000.0,28320000.0,,
just_dt,Dt,8900000.0,1100000.0,19860000.0,180000.0,250000.0
seleterr,seleterr,2710000.0,1500000.0,18050000.0,,250000.0
teamsport_philipp,Teamsport_Philipp,2320000.0,95720000.0,14040000.0,210000.0,459999.99999999994
arananadam38,Okan Ta≈üdemir,17510000.0,2000000.0,6000000.0,,660000.0
mngnzls,MONA,13000000.0,2600000.0,19110000.0,150000.0,
niico_pr,–º–∏—à–∞,1100000.0,1400000.0,19770000.0,190000.0,130000.0
keemokazi,KEEMOKAZI,26000000.0,2100000.0,25600000.0,140000.0,
vivi,Vivi,10300000.0,1700000.0,22470000.0,200000.0,
german_crusader,Stardust Crusader,9900000.0,90250000.0,14900000.0,160000.0,509999.99999999994
whitehernandez,Blanca Hern√°ndez,11260000.0,1400000.0,22970000.0,140000.0,140000.0
shyazryne,aEiOu,8620000.0,2900000.0,31600000.0,,
rozhkova.olesya,Roozhkova,85000000.0,1500000.0,19720000.0,,210000.0
mosqvin_,–¢–∞ —Å–∞–º–∞—è —É—á–∏–ª–∫–∞‚ù§Ô∏èüî•,2600000.0,1900000.0,34850000.0,,
sepultacion,mari,6400000.0,1300000.0,30139999.999999996,190000.0,
kaansanity,aakaanksh,4900000.0,1100000.0,8640000.0,,880000.0000000001
dizzlipin,diZzLipin,90960000.0,1900000.0,7990000.000000001,550000.0,
aldomirandar,üòÇ Aldo Miranda üòÇ,8400000.0,1300000.0,21270000.0,,270000.0
nicolebernaal,nicolebernaal,4000000.0,2200000.0,35130000.0,,
bellaretamosa,bella,5100000.0,2500000.0,34040000.0,,
tunico80,üå†Antonio Tononüå†,5800000.0,1000000.0,20680000.0,200000.0,210000.0
armon.warren,Armoney,1200000.0,1900000.0,30080000.0,,
soanhvadiephihi,Soanh x Di·ªáp üíé,1600000.0,2600000.0,27320000.0,,
